0,0,0,0,15,2019-04-24 19:13:44.712771
7,32,191,11,2019-04-24 19:14:29.735911
8,33,127,11,2019-04-24 19:15:15.017119
4,25,167,11,2019-04-24 19:15:56.500965
6,32,159,11,2019-04-24 19:16:42.408390
12,33,191,11,2019-04-24 19:17:29.076732
10,32,159,11,2019-04-24 19:18:12.946111
11,36,175,11,2019-04-24 19:18:53.553534
11,34,119,11,2019-04-24 19:19:31.573327
5,37,135,11,2019-04-24 19:20:16.893147
13,36,175,11,2019-04-24 19:21:03.294972
11,31,143,11,2019-04-24 19:21:42.792871
18,43,151,11,2019-04-24 19:22:28.735448
8,29,103,11,2019-04-24 19:23:15.362209
5,27,95,10,2019-04-24 19:23:54.844259
14,38,127,11,2019-04-24 19:24:33.772003
12,31,143,11,2019-04-24 19:25:08.980550
12,41,103,11,2019-04-24 19:25:44.089949
21,43,167,11,2019-04-24 19:26:22.453933
9,34,135,11,2019-04-24 19:27:00.459305
11,45,175,11,2019-04-24 19:27:49.219238
12,35,159,11,2019-04-24 19:28:34.897405
4,35,143,10,2019-04-24 19:29:19.399981
5,30,127,11,2019-04-24 19:30:01.935812
6,34,119,8,2019-04-24 19:30:43.199618
9,32,135,9,2019-04-24 19:31:25.755851
16,45,127,11,2019-04-24 19:32:08.171054
8,32,119,9,2019-04-24 19:32:45.085673
8,42,191,11,2019-04-24 19:33:32.355792
7,29,111,11,2019-04-24 19:34:12.970160
16,51,159,11,2019-04-24 19:35:04.400103
2,29,167,11,2019-04-24 19:35:44.011956
14,39,111,11,2019-04-24 19:36:29.468443
10,39,175,11,2019-04-24 19:37:17.625805
16,42,167,11,2019-04-24 19:38:02.669096
11,41,111,11,2019-04-24 19:38:47.631445
16,46,135,11,2019-04-24 19:39:35.693397
16,46,111,11,2019-04-24 19:40:26.441600
8,39,167,11,2019-04-24 19:41:09.717124
16,40,199,11,2019-04-24 19:41:51.368958
12,42,199,11,2019-04-24 19:42:39.170452
17,44,167,11,2019-04-24 19:43:25.702975
16,42,103,11,2019-04-24 19:44:10.878649
16,48,127,11,2019-04-24 19:44:47.012570
16,49,103,11,2019-04-24 19:45:31.018877
19,49,167,11,2019-04-24 19:46:17.863457
22,50,191,11,2019-04-24 19:47:08.179819
26,48,143,11,2019-04-24 19:47:49.347760
14,45,159,11,2019-04-24 19:48:33.097912
21,50,127,11,2019-04-24 19:49:20.181949
12,41,191,11,2019-04-24 19:50:08.827712
16,53,183,11,2019-04-24 19:50:52.781518
27,55,119,11,2019-04-24 19:51:32.305832
23,45,95,11,2019-04-24 19:52:18.399717
23,51,175,11,2019-04-24 19:53:01.747300
26,55,151,11,2019-04-24 19:53:46.793461
12,37,143,11,2019-04-24 19:54:31.963395
22,53,143,11,2019-04-24 19:55:16.506645
17,49,167,9,2019-04-24 19:56:04.559404
11,40,167,9,2019-04-24 19:56:42.688254
16,42,95,8,2019-04-24 19:57:25.831465
23,42,191,11,2019-04-24 19:58:13.128125
19,49,175,10,2019-04-24 19:58:56.519689
4,28,127,11,2019-04-24 19:59:38.912168
27,53,111,11,2019-04-24 20:00:17.574001
29,53,191,11,2019-04-24 20:01:05.724058
18,39,87,11,2019-04-24 20:01:46.091033
26,54,143,11,2019-04-24 20:02:28.392734
15,47,167,11,2019-04-24 20:03:18.764412
19,50,127,11,2019-04-24 20:04:07.607606
41,69,159,11,2019-04-24 20:04:52.177668
29,54,127,11,2019-04-24 20:05:33.060526
27,53,127,11,2019-04-24 20:06:22.632401
13,42,159,11,2019-04-24 20:07:09.446236
37,64,167,11,2019-04-24 20:07:52.284995
33,65,175,11,2019-04-24 20:08:32.909517
10,34,119,7,2019-04-24 20:09:17.033868
42,71,159,11,2019-04-24 20:10:05.398748
41,67,127,11,2019-04-24 20:10:55.275006
36,65,143,11,2019-04-24 20:11:38.029465
30,65,119,11,2019-04-24 20:12:25.515912
30,71,135,11,2019-04-24 20:13:13.380950
44,68,135,11,2019-04-24 20:13:59.974580
19,48,95,10,2019-04-24 20:14:38.121768
30,55,167,11,2019-04-24 20:15:22.056021
25,49,79,11,2019-04-24 20:16:05.390066
42,68,151,11,2019-04-24 20:16:55.817112
33,54,159,11,2019-04-24 20:17:34.537521
35,66,119,11,2019-04-24 20:18:20.176137
20,49,199,11,2019-04-24 20:19:06.751181
34,57,167,11,2019-04-24 20:19:53.565411
28,49,175,11,2019-04-24 20:20:32.018919
21,53,199,11,2019-04-24 20:21:23.079480
21,46,167,11,2019-04-24 20:22:08.223690
43,75,167,11,2019-04-24 20:22:57.580550
45,71,143,11,2019-04-24 20:23:42.892002
42,72,119,11,2019-04-24 20:24:31.832995
21,44,159,11,2019-04-24 20:25:16.862342
22,50,183,11,2019-04-24 20:26:05.554834
18,62,159,11,2019-04-24 20:26:47.779798
28,59,175,11,2019-04-24 20:27:41.461784
51,70,127,11,2019-04-24 20:28:30.348094
28,67,167,11,2019-04-24 20:29:15.787354
33,63,111,11,2019-04-24 20:30:02.098996
12,49,183,11,2019-04-24 20:30:51.832141
38,78,167,11,2019-04-24 20:31:43.754842
46,80,167,11,2019-04-24 20:32:30.553481
31,54,143,11,2019-04-24 20:33:09.320766
24,51,119,11,2019-04-24 20:33:55.705860
32,66,111,11,2019-04-24 20:34:45.008054
19,48,191,11,2019-04-24 20:35:35.958036
42,71,127,11,2019-04-24 20:36:12.961399
38,73,135,11,2019-04-24 20:37:01.158204
9,41,143,8,2019-04-24 20:37:48.089247
32,56,119,11,2019-04-24 20:38:29.891784
19,56,135,11,2019-04-24 20:39:12.129971
39,73,143,11,2019-04-24 20:39:54.995275
20,42,79,9,2019-04-24 20:40:36.819697
39,71,135,11,2019-04-24 20:41:20.202614
18,53,127,10,2019-04-24 20:42:03.775199
35,66,135,11,2019-04-24 20:42:50.174380
29,54,135,11,2019-04-24 20:43:36.254513
43,71,151,11,2019-04-24 20:44:22.087064
47,76,151,11,2019-04-24 20:45:07.354661
52,87,127,11,2019-04-24 20:46:04.080880
35,58,119,11,2019-04-24 20:46:43.556340
56,82,159,11,2019-04-24 20:47:29.147296
30,58,63,11,2019-04-24 20:48:14.265244
43,68,143,11,2019-04-24 20:49:02.268677
15,36,183,11,2019-04-24 20:49:50.213615
27,49,175,11,2019-04-24 20:50:38.237843
29,68,111,11,2019-04-24 20:51:18.864681
35,67,111,11,2019-04-24 20:52:03.536584
57,88,143,11,2019-04-24 20:52:52.448166
50,86,127,11,2019-04-24 20:53:43.922809
56,90,159,11,2019-04-24 20:54:25.215990
51,85,167,11,2019-04-24 20:55:05.945644
33,63,151,11,2019-04-24 20:55:49.883068
22,53,175,11,2019-04-24 20:56:30.592684
44,71,175,11,2019-04-24 20:57:15.897559
18,53,103,9,2019-04-24 20:58:07.590943
46,81,167,11,2019-04-24 20:58:59.145457
34,64,111,10,2019-04-24 20:59:42.780861
52,82,167,11,2019-04-24 21:00:25.323164
47,78,111,11,2019-04-24 21:01:12.426654
42,74,175,11,2019-04-24 21:01:59.224044
14,45,167,10,2019-04-24 21:02:45.572172
39,76,159,11,2019-04-24 21:03:31.175097
7,33,167,8,2019-04-24 21:04:13.010826
54,82,183,11,2019-04-24 21:05:03.991826
33,60,199,11,2019-04-24 21:05:57.659408
37,66,111,11,2019-04-24 21:06:42.212229
50,77,183,11,2019-04-24 21:07:23.068988
61,87,127,11,2019-04-24 21:08:10.538082
47,78,175,11,2019-04-24 21:09:00.421472
52,80,167,11,2019-04-24 21:09:39.938021
38,76,159,11,2019-04-24 21:10:25.689608
61,100,175,11,2019-04-24 21:11:22.439581
21,54,151,9,2019-04-24 21:12:05.794120
42,71,111,11,2019-04-24 21:12:52.113144
41,75,143,11,2019-04-24 21:13:40.253316
25,48,167,11,2019-04-24 21:14:25.942000
53,83,143,11,2019-04-24 21:15:16.019905
41,72,167,11,2019-04-24 21:15:58.125885
40,65,119,11,2019-04-24 21:16:48.954574
42,75,143,11,2019-04-24 21:17:37.192313
44,72,119,11,2019-04-24 21:18:23.719817
13,34,183,11,2019-04-24 21:19:04.623236
51,82,119,11,2019-04-24 21:19:52.117007
49,84,167,11,2019-04-24 21:20:42.804867
26,55,183,11,2019-04-24 21:21:24.743967
38,74,143,11,2019-04-24 21:22:04.792224
21,57,87,11,2019-04-24 21:22:48.213583
33,57,119,10,2019-04-24 21:23:34.968786
34,64,143,11,2019-04-24 21:24:22.474743
45,71,119,11,2019-04-24 21:25:07.013772
54,84,151,11,2019-04-24 21:25:56.910707
46,80,159,11,2019-04-24 21:26:50.595457
36,73,119,11,2019-04-24 21:27:43.619135
19,41,191,11,2019-04-24 21:28:22.351796
50,87,167,11,2019-04-24 21:29:08.776269
40,73,127,11,2019-04-24 21:29:55.963080
25,52,175,11,2019-04-24 21:30:46.273569
29,52,183,11,2019-04-24 21:31:31.604083
28,68,167,11,2019-04-24 21:32:16.690178
19,50,167,11,2019-04-24 21:33:03.077121
23,53,183,11,2019-04-24 21:33:47.475577
22,51,143,9,2019-04-24 21:34:27.898725
56,88,151,11,2019-04-24 21:35:20.136392
76,107,143,11,2019-04-24 21:36:11.765739
61,89,135,11,2019-04-24 21:37:04.424975
37,62,183,10,2019-04-24 21:37:47.182880
9,31,119,11,2019-04-24 21:38:25.125457
54,79,135,11,2019-04-24 21:39:17.580814
35,69,111,8,2019-04-24 21:40:01.779167
35,72,111,11,2019-04-24 21:40:45.390417
62,96,183,11,2019-04-24 21:41:35.101945
32,56,167,10,2019-04-24 21:42:22.654738
48,78,135,11,2019-04-24 21:43:10.331147
47,78,111,11,2019-04-24 21:43:57.384321
38,72,151,11,2019-04-24 21:44:47.803329
57,79,143,11,2019-04-24 21:45:38.836879
59,88,143,11,2019-04-24 21:46:27.651794
45,84,151,11,2019-04-24 21:47:09.856683
56,88,135,11,2019-04-24 21:48:04.631174
45,87,151,11,2019-04-24 21:48:51.635337
71,99,151,11,2019-04-24 21:49:47.101502
60,99,151,11,2019-04-24 21:50:39.132130
43,71,119,11,2019-04-24 21:51:23.970150
27,56,183,11,2019-04-24 21:52:09.210024
43,71,127,11,2019-04-24 21:53:00.133518
31,58,199,11,2019-04-24 21:53:41.828956
56,89,127,11,2019-04-24 21:54:32.975320
58,89,175,11,2019-04-24 21:55:23.781690
66,96,119,11,2019-04-24 21:56:16.174566
52,86,167,11,2019-04-24 21:57:07.709031
48,88,95,11,2019-04-24 21:58:00.333960
28,60,151,10,2019-04-24 21:58:47.710519
31,57,183,11,2019-04-24 21:59:36.629721
28,58,183,10,2019-04-24 22:00:20.538312
52,87,167,11,2019-04-24 22:01:07.354686
52,79,159,11,2019-04-24 22:01:53.636740
59,94,159,11,2019-04-24 22:02:49.718657
39,82,103,11,2019-04-24 22:03:38.368527
49,78,151,11,2019-04-24 22:04:30.411507
39,68,199,11,2019-04-24 22:05:24.173758
48,85,159,11,2019-04-24 22:06:16.801094
32,68,199,11,2019-04-24 22:06:59.601082
54,84,151,11,2019-04-24 22:07:50.632133
64,92,167,11,2019-04-24 22:08:39.610228
42,81,183,11,2019-04-24 22:09:31.430277
67,99,143,11,2019-04-24 22:10:20.057978
48,74,119,11,2019-04-24 22:11:09.314916
33,60,71,11,2019-04-24 22:11:51.889286
43,69,159,9,2019-04-24 22:12:42.347007
32,69,143,11,2019-04-24 22:13:22.973757
57,80,151,11,2019-04-24 22:14:20.337395
62,99,183,11,2019-04-24 22:15:12.984096
30,65,143,11,2019-04-24 22:15:57.132718
46,89,167,11,2019-04-24 22:16:42.518562
57,92,175,11,2019-04-24 22:17:34.288483
61,97,167,11,2019-04-24 22:18:22.145302
25,45,159,7,2019-04-24 22:19:09.890361
73,101,159,11,2019-04-24 22:19:54.773107
50,73,87,11,2019-04-24 22:20:48.452627
49,84,119,11,2019-04-24 22:21:40.024447
39,77,127,11,2019-04-24 22:22:31.554842
46,91,175,11,2019-04-24 22:23:23.212072
50,97,175,11,2019-04-24 22:24:13.586385
29,65,191,11,2019-04-24 22:25:07.690521
32,65,151,11,2019-04-24 22:25:57.883503
64,96,143,11,2019-04-24 22:26:47.383732
59,96,143,11,2019-04-24 22:27:41.285313
45,75,167,11,2019-04-24 22:28:30.347345
63,97,135,11,2019-04-24 22:29:21.859639
44,85,183,11,2019-04-24 22:30:12.057172
20,49,199,11,2019-04-24 22:30:59.577859
43,76,103,11,2019-04-24 22:31:48.012136
24,58,191,11,2019-04-24 22:32:41.380055
61,98,175,11,2019-04-24 22:33:24.767567
79,111,159,11,2019-04-24 22:34:13.057015
15,43,183,11,2019-04-24 22:34:59.990203
31,57,143,6,2019-04-24 22:35:42.669996
46,70,199,11,2019-04-24 22:36:29.880882
19,46,159,11,2019-04-24 22:37:15.462148
66,101,135,11,2019-04-24 22:38:06.091492
55,95,175,11,2019-04-24 22:39:02.134453
57,96,135,11,2019-04-24 22:39:47.412006
71,107,143,11,2019-04-24 22:40:42.813333
33,66,183,11,2019-04-24 22:41:31.177592
60,107,143,11,2019-04-24 22:42:27.900270
54,90,135,11,2019-04-24 22:43:14.733451
44,78,111,11,2019-04-24 22:44:00.626357
42,72,167,10,2019-04-24 22:44:51.480389
48,84,119,11,2019-04-24 22:45:45.522197
33,69,159,11,2019-04-24 22:46:30.597677
45,82,199,11,2019-04-24 22:47:23.721489
70,109,135,11,2019-04-24 22:48:17.053838
58,85,151,11,2019-04-24 22:49:08.656356
37,71,175,11,2019-04-24 22:49:54.756667
48,77,151,11,2019-04-24 22:50:44.613191
64,96,119,11,2019-04-24 22:51:37.324234
15,46,183,11,2019-04-24 22:52:30.968695
31,59,199,11,2019-04-24 22:53:18.591667
55,98,159,11,2019-04-24 22:54:06.484714
13,45,183,11,2019-04-24 22:54:53.878229
66,111,159,11,2019-04-24 22:55:56.014127
74,110,151,11,2019-04-24 22:56:49.651918
65,95,183,11,2019-04-24 22:57:46.000005
37,67,191,11,2019-04-24 22:58:38.307177
35,71,183,11,2019-04-24 22:59:34.125617
55,77,135,11,2019-04-24 23:00:13.808192
14,49,151,10,2019-04-24 23:01:05.251046
40,74,191,11,2019-04-24 23:01:57.108468
74,114,151,11,2019-04-24 23:02:47.508925
12,38,199,8,2019-04-24 23:03:28.968811
11,37,191,11,2019-04-24 23:04:14.587345
40,75,191,11,2019-04-24 23:05:07.137665
61,103,143,11,2019-04-24 23:05:55.761014
45,86,135,11,2019-04-24 23:06:45.187683
46,73,135,11,2019-04-24 23:07:36.224298
43,77,199,11,2019-04-24 23:08:27.348277
54,102,183,11,2019-04-24 23:09:15.628376
40,79,119,10,2019-04-24 23:10:01.289927
2,27,199,11,2019-04-24 23:10:47.938911
48,70,127,11,2019-04-24 23:11:36.059591
87,113,143,11,2019-04-24 23:12:26.354919
66,105,119,11,2019-04-24 23:13:16.078682
11,42,199,7,2019-04-24 23:14:03.731857
83,112,151,11,2019-04-24 23:15:01.258645
27,61,167,10,2019-04-24 23:15:47.778820
48,86,143,11,2019-04-24 23:16:38.463637
68,106,191,11,2019-04-24 23:17:32.399334
47,76,199,11,2019-04-24 23:18:18.486565
51,91,167,11,2019-04-24 23:19:11.480414
31,66,143,11,2019-04-24 23:19:54.488601
33,72,167,11,2019-04-24 23:20:43.649634
73,107,143,11,2019-04-24 23:21:42.239102
72,102,119,11,2019-04-24 23:22:39.215755
43,72,183,11,2019-04-24 23:23:23.542397
57,98,127,11,2019-04-24 23:24:18.688981
67,98,143,11,2019-04-24 23:25:12.607929
53,85,191,11,2019-04-24 23:26:04.532039
68,102,127,11,2019-04-24 23:26:56.813653
54,84,151,11,2019-04-24 23:27:47.030134
22,63,183,11,2019-04-24 23:28:38.656325
58,95,175,11,2019-04-24 23:29:32.586163
63,106,183,11,2019-04-24 23:30:18.865276
59,89,159,11,2019-04-24 23:31:12.990571
42,72,199,11,2019-04-24 23:32:05.582296
56,100,199,11,2019-04-24 23:33:05.584045
56,90,159,11,2019-04-24 23:33:53.671638
75,118,191,11,2019-04-24 23:34:49.960218
64,98,199,11,2019-04-24 23:35:48.644562
47,90,159,11,2019-04-24 23:36:35.429124
65,106,175,11,2019-04-24 23:37:22.092923
66,98,119,11,2019-04-24 23:38:17.798144
63,97,191,11,2019-04-24 23:39:12.673080
62,92,167,11,2019-04-24 23:40:04.015854
45,70,159,10,2019-04-24 23:40:46.033123
76,120,143,11,2019-04-24 23:41:45.670106
72,106,159,11,2019-04-24 23:42:35.584149
67,107,167,11,2019-04-24 23:43:34.520230
31,67,183,11,2019-04-24 23:44:24.131529
50,84,191,11,2019-04-24 23:45:13.600296
59,96,175,11,2019-04-24 23:46:06.066596
40,69,151,9,2019-04-24 23:46:57.053724
41,77,191,11,2019-04-24 23:47:42.226578
59,105,175,11,2019-04-24 23:48:34.130498
41,94,151,11,2019-04-24 23:49:26.303952
57,102,199,11,2019-04-24 23:50:18.460550
66,110,167,11,2019-04-24 23:51:10.291424
70,105,175,11,2019-04-24 23:52:03.473729
56,95,95,11,2019-04-24 23:52:54.958578
82,119,151,11,2019-04-24 23:53:43.992767
28,60,175,11,2019-04-24 23:54:21.317116
49,86,183,11,2019-04-24 23:55:11.379238
71,110,159,11,2019-04-24 23:56:04.639915
63,101,159,11,2019-04-24 23:57:05.536124
72,114,135,11,2019-04-24 23:57:53.912695
65,108,127,11,2019-04-24 23:58:53.029100
57,85,191,11,2019-04-24 23:59:46.394200
36,74,199,11,2019-04-25 00:00:33.915282
69,105,135,11,2019-04-25 00:01:23.249661
69,104,191,11,2019-04-25 00:02:15.602167
37,75,191,11,2019-04-25 00:03:04.912143
74,122,159,11,2019-04-25 00:04:01.032662
76,112,175,11,2019-04-25 00:04:52.748459
63,106,191,11,2019-04-25 00:05:48.043645
64,95,175,11,2019-04-25 00:06:46.125696
38,72,127,11,2019-04-25 00:07:37.409622
36,69,191,11,2019-04-25 00:08:20.003821
58,93,183,11,2019-04-25 00:09:14.629968
66,98,191,11,2019-04-25 00:10:09.171361
73,102,167,11,2019-04-25 00:11:08.280304
31,71,191,11,2019-04-25 00:11:57.388592
74,115,135,11,2019-04-25 00:12:51.743905
69,108,135,11,2019-04-25 00:13:43.186715
75,121,159,11,2019-04-25 00:14:35.389767
79,112,151,11,2019-04-25 00:15:26.287372
100,138,151,11,2019-04-25 00:16:20.859905
85,120,151,11,2019-04-25 00:17:12.616655
34,73,175,9,2019-04-25 00:18:03.257947
73,112,151,11,2019-04-25 00:18:57.390373
38,82,199,11,2019-04-25 00:19:45.106511
80,115,143,11,2019-04-25 00:20:43.329326
59,101,191,11,2019-04-25 00:21:44.202641
71,105,175,11,2019-04-25 00:22:30.804333
68,107,143,11,2019-04-25 00:23:27.723452
50,102,191,11,2019-04-25 00:24:17.694490
27,65,191,11,2019-04-25 00:25:03.982447
54,96,167,11,2019-04-25 00:25:51.406690
52,79,103,11,2019-04-25 00:26:43.027598
97,135,167,11,2019-04-25 00:27:35.311117
43,74,191,11,2019-04-25 00:28:24.731946
77,107,151,11,2019-04-25 00:29:10.008378
45,78,191,11,2019-04-25 00:30:02.476343
84,121,175,11,2019-04-25 00:30:55.560566
80,117,151,11,2019-04-25 00:31:55.734536
68,108,183,11,2019-04-25 00:32:45.563966
45,83,103,11,2019-04-25 00:33:37.609411
80,119,135,11,2019-04-25 00:34:33.956182
87,119,143,11,2019-04-25 00:35:23.796894
37,74,175,10,2019-04-25 00:36:12.861436
61,94,143,11,2019-04-25 00:37:09.672711
70,102,127,11,2019-04-25 00:38:03.021016
67,100,199,11,2019-04-25 00:39:00.369423
66,104,143,11,2019-04-25 00:39:42.516591
62,90,191,11,2019-04-25 00:40:36.490088
33,72,183,11,2019-04-25 00:41:27.719647
73,105,199,11,2019-04-25 00:42:19.823807
69,107,183,11,2019-04-25 00:43:15.396003
76,107,167,11,2019-04-25 00:44:12.202257
63,102,135,11,2019-04-25 00:45:05.496154
83,123,183,11,2019-04-25 00:45:56.947406
63,93,183,11,2019-04-25 00:46:47.935222
37,68,103,9,2019-04-25 00:47:37.940267
63,94,167,11,2019-04-25 00:48:30.475439
37,65,167,6,2019-04-25 00:49:12.748098
84,117,167,11,2019-04-25 00:49:55.360968
73,111,167,11,2019-04-25 00:50:47.155741
82,113,175,11,2019-04-25 00:51:38.282743
59,102,143,11,2019-04-25 00:52:37.066217
73,111,199,11,2019-04-25 00:53:23.867307
43,78,119,11,2019-04-25 00:54:12.746202
69,105,175,11,2019-04-25 00:55:04.104639
42,77,191,11,2019-04-25 00:55:57.174952
83,112,175,11,2019-04-25 00:56:47.507233
46,79,199,11,2019-04-25 00:57:35.092069
55,98,183,11,2019-04-25 00:58:19.646884
56,92,111,11,2019-04-25 00:59:07.829362
70,102,151,11,2019-04-25 00:59:58.112297
24,62,159,11,2019-04-25 01:00:41.719548
73,115,175,11,2019-04-25 01:01:38.989577
46,79,191,10,2019-04-25 01:02:30.291867
93,127,135,11,2019-04-25 01:03:19.560549
48,98,175,11,2019-04-25 01:04:09.785419
44,86,151,9,2019-04-25 01:05:01.892651
78,116,199,11,2019-04-25 01:05:56.326402
31,74,175,11,2019-04-25 01:06:41.979351
39,82,183,11,2019-04-25 01:07:30.231956
75,110,183,11,2019-04-25 01:08:22.356431
34,67,167,7,2019-04-25 01:09:14.517134
56,86,111,11,2019-04-25 01:09:57.276921
96,124,127,11,2019-04-25 01:10:42.341241
25,60,191,11,2019-04-25 01:11:29.662657
41,86,191,11,2019-04-25 01:12:15.605263
84,114,175,11,2019-04-25 01:13:05.783205
59,102,151,11,2019-04-25 01:13:58.206366
77,116,191,11,2019-04-25 01:14:49.222149
58,98,175,11,2019-04-25 01:15:38.896186
37,77,167,9,2019-04-25 01:16:24.568652
33,63,167,9,2019-04-25 01:17:13.571582
59,95,127,11,2019-04-25 01:18:10.791293
74,119,199,11,2019-04-25 01:19:08.971853
63,112,175,11,2019-04-25 01:19:59.924504
45,83,135,9,2019-04-25 01:20:45.943696
81,114,191,11,2019-04-25 01:21:42.948394
73,115,175,11,2019-04-25 01:22:39.420801
51,93,183,11,2019-04-25 01:23:26.454074
71,102,167,11,2019-04-25 01:24:21.257028
64,94,159,11,2019-04-25 01:25:16.308488
90,123,143,11,2019-04-25 01:26:05.077467
85,108,183,11,2019-04-25 01:26:57.116905
70,117,167,11,2019-04-25 01:27:54.299966
67,99,143,11,2019-04-25 01:28:47.607868
81,106,135,11,2019-04-25 01:29:35.262114
84,117,167,11,2019-04-25 01:30:23.544560
72,104,191,11,2019-04-25 01:31:17.639266
54,85,151,11,2019-04-25 01:32:09.355609
71,102,167,11,2019-04-25 01:33:09.517385
76,105,199,11,2019-04-25 01:34:01.953311
81,123,159,11,2019-04-25 01:35:01.432849
84,117,183,11,2019-04-25 01:36:02.213778
96,127,143,11,2019-04-25 01:37:02.600229
57,90,167,9,2019-04-25 01:37:47.120100
69,102,151,11,2019-04-25 01:38:42.309022
56,95,159,11,2019-04-25 01:39:41.394891
66,106,191,11,2019-04-25 01:40:30.233719
62,111,151,11,2019-04-25 01:41:23.063887
85,126,135,11,2019-04-25 01:42:21.666815
39,69,167,11,2019-04-25 01:43:16.349837
53,87,199,11,2019-04-25 01:44:03.849642
60,96,143,11,2019-04-25 01:44:55.121116
72,105,175,11,2019-04-25 01:45:48.803030
85,113,167,11,2019-04-25 01:46:40.746303
27,60,199,11,2019-04-25 01:47:28.037946
32,74,175,11,2019-04-25 01:48:17.090495
64,103,143,11,2019-04-25 01:49:16.425996
71,102,175,11,2019-04-25 01:50:13.985903
24,65,175,11,2019-04-25 01:51:09.052487
75,112,159,11,2019-04-25 01:51:56.128492
47,80,199,11,2019-04-25 01:52:51.417967
52,87,143,10,2019-04-25 01:53:41.354785
27,61,175,9,2019-04-25 01:54:26.931131
66,100,151,11,2019-04-25 01:55:21.512256
49,77,199,11,2019-04-25 01:56:07.635629
36,79,199,11,2019-04-25 01:57:00.788275
70,113,183,11,2019-04-25 01:57:53.405458
98,135,135,11,2019-04-25 01:58:45.011417
71,104,143,11,2019-04-25 01:59:34.799334
59,102,159,11,2019-04-25 02:00:28.385153
68,107,143,11,2019-04-25 02:01:23.326975
52,93,159,11,2019-04-25 02:02:14.441762
68,97,175,11,2019-04-25 02:03:04.724825
80,121,167,11,2019-04-25 02:04:03.717502
92,136,183,11,2019-04-25 02:04:55.930903
75,106,111,11,2019-04-25 02:05:43.505961
93,128,175,11,2019-04-25 02:06:40.943575
73,113,191,11,2019-04-25 02:07:39.935875
21,55,199,9,2019-04-25 02:08:29.610009
47,82,199,11,2019-04-25 02:09:16.210778
53,98,175,11,2019-04-25 02:10:00.174057
89,125,151,11,2019-04-25 02:10:54.299759
70,110,151,11,2019-04-25 02:11:49.439449
31,66,159,11,2019-04-25 02:12:33.864345
64,97,135,11,2019-04-25 02:13:28.453526
51,89,159,11,2019-04-25 02:14:15.065281
69,95,95,11,2019-04-25 02:15:12.039296
85,113,167,11,2019-04-25 02:15:59.920774
99,131,143,11,2019-04-25 02:16:53.550554
40,82,191,11,2019-04-25 02:17:45.290759
62,113,191,11,2019-04-25 02:18:45.282134
64,99,159,11,2019-04-25 02:19:41.007646
59,102,135,11,2019-04-25 02:20:29.900043
55,95,175,11,2019-04-25 02:21:22.542571
80,120,159,11,2019-04-25 02:22:11.352398
68,100,159,11,2019-04-25 02:22:59.751660
46,90,191,11,2019-04-25 02:23:59.700970
63,94,95,11,2019-04-25 02:24:54.517582
53,91,175,10,2019-04-25 02:25:46.727822
33,70,199,8,2019-04-25 02:26:29.984084
74,116,183,11,2019-04-25 02:27:24.015330
78,102,175,11,2019-04-25 02:28:16.867665
81,112,167,11,2019-04-25 02:29:07.400803
62,106,199,11,2019-04-25 02:29:59.206827
48,83,199,9,2019-04-25 02:30:46.167260
80,112,167,11,2019-04-25 02:31:42.291691
49,91,159,10,2019-04-25 02:32:39.477807
65,93,183,11,2019-04-25 02:33:24.880263
97,133,143,11,2019-04-25 02:34:14.198893
69,113,167,11,2019-04-25 02:35:06.714315
73,112,159,11,2019-04-25 02:35:59.561714
72,107,175,11,2019-04-25 02:36:53.070951
63,96,111,11,2019-04-25 02:37:49.205034
72,122,175,11,2019-04-25 02:38:51.582783
79,111,119,11,2019-04-25 02:39:42.967131
70,122,175,11,2019-04-25 02:40:32.435973
83,122,135,11,2019-04-25 02:41:26.989521
74,109,151,11,2019-04-25 02:42:28.244832
66,105,175,11,2019-04-25 02:43:21.933331
76,118,183,11,2019-04-25 02:44:13.646548
88,138,143,11,2019-04-25 02:45:07.742165
76,122,183,11,2019-04-25 02:45:59.829578
68,103,103,11,2019-04-25 02:46:55.409206
65,100,151,11,2019-04-25 02:47:44.527118
71,102,135,11,2019-04-25 02:48:38.301400
72,103,103,11,2019-04-25 02:49:38.716303
65,103,135,11,2019-04-25 02:50:33.837476
49,82,183,11,2019-04-25 02:51:21.061879
94,132,183,11,2019-04-25 02:52:10.992489
57,95,191,11,2019-04-25 02:53:04.500782
81,129,183,11,2019-04-25 02:53:56.933006
80,123,175,11,2019-04-25 02:54:51.504839
86,120,135,11,2019-04-25 02:55:42.343110
15,56,183,11,2019-04-25 02:56:33.332860
63,110,151,11,2019-04-25 02:57:32.264768
97,135,167,11,2019-04-25 02:58:22.901021
62,102,151,11,2019-04-25 02:59:11.886921
69,103,183,11,2019-04-25 03:00:04.331009
79,125,183,11,2019-04-25 03:01:02.866749
85,131,183,11,2019-04-25 03:01:54.311373
70,106,167,11,2019-04-25 03:02:48.526833
48,91,199,11,2019-04-25 03:03:41.753177
72,116,175,11,2019-04-25 03:04:39.631673
49,83,199,11,2019-04-25 03:05:25.069279
81,113,191,11,2019-04-25 03:06:15.006643
59,91,143,10,2019-04-25 03:07:06.968354
83,116,175,11,2019-04-25 03:07:58.563044
71,110,127,11,2019-04-25 03:08:49.559894
95,132,135,11,2019-04-25 03:09:44.588974
62,98,135,10,2019-04-25 03:10:38.068241
88,115,175,11,2019-04-25 03:11:33.061488
77,109,151,11,2019-04-25 03:12:29.204207
56,85,191,11,2019-04-25 03:13:21.511964
71,103,103,11,2019-04-25 03:14:14.161030
68,106,191,11,2019-04-25 03:15:13.475865
49,93,95,11,2019-04-25 03:16:01.476742
20,51,183,11,2019-04-25 03:16:50.903467
84,119,143,11,2019-04-25 03:17:51.174071
78,102,167,11,2019-04-25 03:18:45.561376
59,108,175,11,2019-04-25 03:19:36.137440
63,95,159,11,2019-04-25 03:20:25.781975
92,127,159,11,2019-04-25 03:21:18.658989
18,57,71,11,2019-04-25 03:22:08.648067
60,102,199,11,2019-04-25 03:22:59.379004
72,104,183,11,2019-04-25 03:23:55.116408
80,120,135,11,2019-04-25 03:24:50.007656
58,99,183,11,2019-04-25 03:25:39.594939
81,117,159,11,2019-04-25 03:26:34.532587
75,117,159,11,2019-04-25 03:27:28.383618
81,124,167,11,2019-04-25 03:28:21.937201
60,102,199,11,2019-04-25 03:29:17.318004
66,117,151,11,2019-04-25 03:30:06.632910
76,102,175,11,2019-04-25 03:31:00.157080
78,129,183,11,2019-04-25 03:31:57.124623
58,92,111,11,2019-04-25 03:32:44.502388
82,116,199,11,2019-04-25 03:33:38.658220
84,119,127,11,2019-04-25 03:34:35.455812
87,117,175,11,2019-04-25 03:35:32.287343
79,124,191,11,2019-04-25 03:36:23.380301
49,92,199,11,2019-04-25 03:37:06.632249
91,123,151,11,2019-04-25 03:38:04.578516
59,91,159,11,2019-04-25 03:38:56.109232
81,113,167,11,2019-04-25 03:39:46.524599
41,94,191,11,2019-04-25 03:40:35.094685
28,72,199,10,2019-04-25 03:41:28.018996
71,116,183,11,2019-04-25 03:42:25.070463
61,103,183,11,2019-04-25 03:43:17.479760
67,109,183,11,2019-04-25 03:44:04.375059
55,91,127,11,2019-04-25 03:44:51.817756
15,54,199,10,2019-04-25 03:45:40.370795
90,121,167,11,2019-04-25 03:46:36.687931
50,96,143,11,2019-04-25 03:47:26.730224
75,105,135,11,2019-04-25 03:48:22.053936
89,134,143,11,2019-04-25 03:49:19.529285
83,116,191,11,2019-04-25 03:50:15.140904
95,129,135,11,2019-04-25 03:51:01.387767
82,122,159,11,2019-04-25 03:52:02.580943
74,111,151,11,2019-04-25 03:52:59.048790
86,119,127,11,2019-04-25 03:53:54.155282
66,106,191,11,2019-04-25 03:54:44.444488
86,124,199,11,2019-04-25 03:55:39.678866
66,108,143,11,2019-04-25 03:56:38.703389
65,100,159,11,2019-04-25 03:57:26.550822
78,114,159,11,2019-04-25 03:58:20.712887
81,126,199,11,2019-04-25 03:59:14.765450
53,92,191,11,2019-04-25 04:00:08.811578
77,119,127,11,2019-04-25 04:00:59.274031
99,125,167,11,2019-04-25 04:01:47.042745
75,107,175,11,2019-04-25 04:02:42.256071
87,118,183,11,2019-04-25 04:03:34.537678
93,124,175,11,2019-04-25 04:04:26.875568
61,100,143,11,2019-04-25 04:05:13.628985
60,110,183,11,2019-04-25 04:06:11.001045
77,126,175,11,2019-04-25 04:07:06.899571
66,114,159,11,2019-04-25 04:07:57.388051
52,99,199,11,2019-04-25 04:08:46.945400
95,125,135,11,2019-04-25 04:09:40.069946
54,97,191,11,2019-04-25 04:10:32.269490
91,123,167,11,2019-04-25 04:11:24.625451
87,133,183,11,2019-04-25 04:12:18.024092
70,99,127,11,2019-04-25 04:13:10.900903
49,90,191,11,2019-04-25 04:14:08.039656
77,105,167,11,2019-04-25 04:15:09.424515
62,101,159,11,2019-04-25 04:16:05.645497
94,127,143,11,2019-04-25 04:17:03.610873
71,105,143,11,2019-04-25 04:18:01.295570
64,105,143,11,2019-04-25 04:18:54.422686
39,74,143,10,2019-04-25 04:19:37.764834
54,92,159,9,2019-04-25 04:20:26.589955
61,107,183,11,2019-04-25 04:21:22.876990
57,102,159,11,2019-04-25 04:22:21.776422
79,111,119,11,2019-04-25 04:23:12.186091
21,60,191,9,2019-04-25 04:24:03.076536
41,75,183,10,2019-04-25 04:24:53.531399
72,119,199,11,2019-04-25 04:25:55.685358
63,103,159,11,2019-04-25 04:26:44.096699
47,93,159,11,2019-04-25 04:27:26.392754
64,101,159,11,2019-04-25 04:28:10.139263
82,117,199,11,2019-04-25 04:29:02.353236
71,109,143,11,2019-04-25 04:29:49.940519
74,117,151,11,2019-04-25 04:30:48.997507
78,113,119,11,2019-04-25 04:31:43.855707
76,102,159,11,2019-04-25 04:32:41.047439
70,109,151,11,2019-04-25 04:33:32.214109
60,90,191,11,2019-04-25 04:34:31.811678
26,54,199,9,2019-04-25 04:35:18.581819
79,123,143,11,2019-04-25 04:36:12.650811
76,125,191,11,2019-04-25 04:37:09.152716
71,126,191,11,2019-04-25 04:38:06.609959
80,121,183,11,2019-04-25 04:39:02.976959
18,50,159,11,2019-04-25 04:39:47.749856
76,113,167,11,2019-04-25 04:40:33.787737
80,124,167,11,2019-04-25 04:41:26.089303
34,79,199,10,2019-04-25 04:42:19.100562
81,110,167,11,2019-04-25 04:43:17.654794
74,119,135,11,2019-04-25 04:44:08.410016
85,111,167,11,2019-04-25 04:45:01.904831
74,104,191,11,2019-04-25 04:45:53.603345
89,130,135,11,2019-04-25 04:46:51.455158
43,94,191,11,2019-04-25 04:47:41.437939
76,114,159,11,2019-04-25 04:48:35.218398
82,113,191,11,2019-04-25 04:49:30.437859
89,126,191,11,2019-04-25 04:50:26.313882
83,117,167,11,2019-04-25 04:51:19.503145
76,118,199,11,2019-04-25 04:52:14.491009
27,60,191,8,2019-04-25 04:53:03.896688
79,115,143,11,2019-04-25 04:53:58.321529
90,132,191,11,2019-04-25 04:54:46.358606
72,110,183,11,2019-04-25 04:55:45.511370
93,121,183,11,2019-04-25 04:56:45.282120
45,76,175,11,2019-04-25 04:57:33.517994
73,108,183,11,2019-04-25 04:58:29.304345
78,110,191,11,2019-04-25 04:59:31.627019
64,107,199,11,2019-04-25 05:00:24.378905
68,102,199,11,2019-04-25 05:01:21.292285
67,113,119,11,2019-04-25 05:02:12.140267
71,107,183,9,2019-04-25 05:03:08.659960
57,107,199,11,2019-04-25 05:04:06.677486
81,116,159,11,2019-04-25 05:04:58.837283
20,51,167,8,2019-04-25 05:05:40.285224
76,108,127,11,2019-04-25 05:06:36.794591
77,119,119,11,2019-04-25 05:07:29.868493
74,103,151,11,2019-04-25 05:08:26.458157
71,106,159,11,2019-04-25 05:09:11.756639
89,126,199,11,2019-04-25 05:10:17.957678
71,102,159,11,2019-04-25 05:11:12.176926
73,103,103,11,2019-04-25 05:12:04.749340
70,109,127,11,2019-04-25 05:12:59.301121
56,101,159,11,2019-04-25 05:13:52.359722
75,115,199,11,2019-04-25 05:14:46.467439
100,130,135,11,2019-04-25 05:15:41.756155
68,113,159,11,2019-04-25 05:16:33.685290
38,74,191,11,2019-04-25 05:17:23.821714
77,115,183,11,2019-04-25 05:18:19.995278
55,95,159,11,2019-04-25 05:19:10.391608
47,82,175,11,2019-04-25 05:19:59.432898
67,108,199,11,2019-04-25 05:20:58.347809
23,62,191,10,2019-04-25 05:21:48.385983
62,103,151,11,2019-04-25 05:22:38.156632
85,121,135,11,2019-04-25 05:23:32.022969
86,130,183,11,2019-04-25 05:24:24.495099
68,110,119,11,2019-04-25 05:25:20.270887
53,100,151,10,2019-04-25 05:26:15.383589
58,95,183,11,2019-04-25 05:27:04.973590
65,99,135,11,2019-04-25 05:27:59.673158
81,116,191,11,2019-04-25 05:28:51.261537
82,122,167,11,2019-04-25 05:29:52.123969
85,121,199,11,2019-04-25 05:30:47.847146
38,66,151,11,2019-04-25 05:31:35.865772
79,119,167,11,2019-04-25 05:32:29.781599
72,108,175,11,2019-04-25 05:33:22.401867
73,121,183,11,2019-04-25 05:34:15.772128
65,107,143,11,2019-04-25 05:35:09.430535
66,102,199,9,2019-04-25 05:36:03.000701
83,117,175,11,2019-04-25 05:36:54.378056
55,91,199,11,2019-04-25 05:37:50.315944
50,94,199,11,2019-04-25 05:38:44.082089
41,75,191,9,2019-04-25 05:39:34.575818
76,120,175,11,2019-04-25 05:40:36.639287
80,123,167,11,2019-04-25 05:41:32.484916
89,131,199,11,2019-04-25 05:42:26.567779
66,106,183,11,2019-04-25 05:43:22.917987
85,127,175,11,2019-04-25 05:44:22.218722
76,124,159,11,2019-04-25 05:45:12.152960
49,82,191,9,2019-04-25 05:46:05.944776
93,141,167,11,2019-04-25 05:47:00.372612
54,99,175,11,2019-04-25 05:47:49.877555
71,114,159,11,2019-04-25 05:48:39.026791
68,115,143,11,2019-04-25 05:49:35.800940
68,119,127,11,2019-04-25 05:50:32.763914
85,133,199,11,2019-04-25 05:51:32.129957
77,118,175,11,2019-04-25 05:52:18.515627
62,95,95,11,2019-04-25 05:53:14.603562
62,85,167,11,2019-04-25 05:54:05.875540
35,72,151,8,2019-04-25 05:54:53.053670
68,105,111,11,2019-04-25 05:55:42.792125
87,124,175,11,2019-04-25 05:56:38.425022
91,122,151,11,2019-04-25 05:57:32.733255
70,107,135,11,2019-04-25 05:58:26.278764
57,102,199,11,2019-04-25 05:59:22.819931
94,128,159,11,2019-04-25 06:00:11.867606
45,92,199,11,2019-04-25 06:01:03.637938
71,116,199,11,2019-04-25 06:01:56.570185
78,119,135,11,2019-04-25 06:02:44.242463
57,107,143,11,2019-04-25 06:03:41.216501
73,110,191,11,2019-04-25 06:04:33.760126
19,49,191,8,2019-04-25 06:05:18.669303
74,106,143,11,2019-04-25 06:06:09.094580
82,113,167,11,2019-04-25 06:06:57.955473
73,117,167,11,2019-04-25 06:07:51.096740
54,99,183,11,2019-04-25 06:08:46.863028
89,127,183,11,2019-04-25 06:09:39.915330
88,125,175,11,2019-04-25 06:10:28.953566
76,106,127,11,2019-04-25 06:11:23.573377
61,89,151,10,2019-04-25 06:12:21.607505
76,110,175,11,2019-04-25 06:13:09.922595
58,95,191,11,2019-04-25 06:14:02.286055
39,71,71,11,2019-04-25 06:14:55.288003
70,105,151,11,2019-04-25 06:15:44.879275
64,106,183,11,2019-04-25 06:16:37.338767
92,125,191,11,2019-04-25 06:17:30.901044
90,126,175,11,2019-04-25 06:18:24.476866
20,47,191,10,2019-04-25 06:19:15.410848
35,69,191,11,2019-04-25 06:19:58.249382
90,124,191,11,2019-04-25 06:20:49.808906
26,60,199,11,2019-04-25 06:21:39.441896
81,122,183,11,2019-04-25 06:22:37.812984
53,93,175,11,2019-04-25 06:23:32.459034
70,113,191,11,2019-04-25 06:24:27.631232
28,59,199,11,2019-04-25 06:25:15.998168
66,110,167,11,2019-04-25 06:26:06.255942
96,129,151,11,2019-04-25 06:26:56.189689
88,123,167,11,2019-04-25 06:27:53.652481
68,103,159,11,2019-04-25 06:28:51.708858
96,129,191,11,2019-04-25 06:29:50.070534
85,122,135,11,2019-04-25 06:30:43.011450
62,84,159,11,2019-04-25 06:31:35.149326
74,109,175,11,2019-04-25 06:32:32.394488
62,109,151,11,2019-04-25 06:33:23.134086
52,85,183,11,2019-04-25 06:34:08.205302
87,126,175,11,2019-04-25 06:35:05.718062
38,80,191,9,2019-04-25 06:35:56.870448
68,111,135,11,2019-04-25 06:36:52.907335
76,120,183,11,2019-04-25 06:37:47.385033
66,105,191,11,2019-04-25 06:38:42.620020
72,121,167,11,2019-04-25 06:39:38.825331
27,65,175,11,2019-04-25 06:40:28.719432
84,128,191,11,2019-04-25 06:41:16.477830
80,126,191,11,2019-04-25 06:42:16.726309
62,105,111,11,2019-04-25 06:43:15.882363
86,123,199,11,2019-04-25 06:44:13.684602
70,109,151,11,2019-04-25 06:45:02.194068
55,93,183,11,2019-04-25 06:45:53.704348
77,108,135,11,2019-04-25 06:46:47.601282
102,130,151,11,2019-04-25 06:47:36.152790
82,127,175,11,2019-04-25 06:48:31.371564
69,101,159,11,2019-04-25 06:49:25.477219
69,110,167,11,2019-04-25 06:50:17.560913
75,126,191,11,2019-04-25 06:51:12.718424
73,111,111,11,2019-04-25 06:52:09.968674
91,124,191,11,2019-04-25 06:52:59.609042
59,102,183,11,2019-04-25 06:53:54.044747
51,83,159,9,2019-04-25 06:54:47.042189
87,130,183,11,2019-04-25 06:55:42.319341
81,117,167,11,2019-04-25 06:56:40.320311
61,92,151,11,2019-04-25 06:57:35.597825
83,124,175,11,2019-04-25 06:58:30.893779
36,68,159,7,2019-04-25 06:59:15.937344
78,112,191,11,2019-04-25 07:00:07.886900
84,123,151,11,2019-04-25 07:01:04.031967
59,106,199,11,2019-04-25 07:02:06.694156
79,114,199,11,2019-04-25 07:02:56.544445
79,117,175,11,2019-04-25 07:03:56.514928
74,103,103,11,2019-04-25 07:04:48.661528
89,131,175,11,2019-04-25 07:05:40.329682
91,122,167,11,2019-04-25 07:06:28.759875
85,118,183,11,2019-04-25 07:07:26.945475
84,120,175,11,2019-04-25 07:08:18.720612
76,113,159,11,2019-04-25 07:09:11.220075
83,125,167,11,2019-04-25 07:10:03.735898
81,120,183,11,2019-04-25 07:11:04.559537
63,93,127,10,2019-04-25 07:11:55.607563
71,118,151,11,2019-04-25 07:12:46.744959
52,100,159,9,2019-04-25 07:13:38.060568
86,119,167,11,2019-04-25 07:14:32.140291
86,128,175,11,2019-04-25 07:15:19.279493
7,34,199,11,2019-04-25 07:16:08.229937
47,75,175,11,2019-04-25 07:16:51.321238
75,109,159,11,2019-04-25 07:17:47.961303
59,94,159,11,2019-04-25 07:18:39.658121
60,98,167,8,2019-04-25 07:19:33.175087
77,117,167,11,2019-04-25 07:20:24.600290
58,113,127,11,2019-04-25 07:21:15.934155
67,97,159,8,2019-04-25 07:22:07.167695
67,116,183,11,2019-04-25 07:23:04.003327
14,46,183,11,2019-04-25 07:23:40.073298
39,65,175,11,2019-04-25 07:24:31.754956
78,106,183,11,2019-04-25 07:25:22.130827
61,101,183,11,2019-04-25 07:26:19.751690
93,127,135,11,2019-04-25 07:27:10.502322
70,116,167,11,2019-04-25 07:28:08.691158
79,117,175,11,2019-04-25 07:29:03.317321
73,124,135,11,2019-04-25 07:30:02.449817
58,95,159,11,2019-04-25 07:30:54.889115
68,114,175,11,2019-04-25 07:31:44.027248
74,107,199,11,2019-04-25 07:32:27.203880
84,113,159,11,2019-04-25 07:33:29.734683
95,129,167,11,2019-04-25 07:34:21.967963
73,110,159,11,2019-04-25 07:35:15.564442
80,112,151,11,2019-04-25 07:36:13.438078
74,115,191,11,2019-04-25 07:37:04.831916
73,118,191,11,2019-04-25 07:38:00.838609
70,110,167,11,2019-04-25 07:38:54.086828
42,79,183,9,2019-04-25 07:39:45.821427
104,133,175,11,2019-04-25 07:40:47.506547
69,117,175,11,2019-04-25 07:41:38.933328
51,93,175,10,2019-04-25 07:42:29.510843
48,85,151,11,2019-04-25 07:43:20.585546
82,121,183,11,2019-04-25 07:44:19.911401
71,98,183,11,2019-04-25 07:45:05.570426
83,131,183,11,2019-04-25 07:46:05.014385
67,109,199,11,2019-04-25 07:47:05.823055
64,92,167,10,2019-04-25 07:47:54.624365
73,101,167,11,2019-04-25 07:48:45.570201
77,120,191,11,2019-04-25 07:49:39.437907
71,113,175,11,2019-04-25 07:50:36.855302
74,124,151,11,2019-04-25 07:51:31.882008
83,123,151,11,2019-04-25 07:52:20.152740
85,127,183,11,2019-04-25 07:53:20.355623
85,118,167,11,2019-04-25 07:54:21.974658
69,114,151,11,2019-04-25 07:55:19.571221
81,115,127,11,2019-04-25 07:56:12.004034
72,119,159,11,2019-04-25 07:57:13.513805
72,117,191,11,2019-04-25 07:58:07.166477
89,128,175,11,2019-04-25 07:59:07.103540
85,128,167,11,2019-04-25 07:59:55.773703
77,112,151,11,2019-04-25 08:00:45.637913
84,127,175,11,2019-04-25 08:01:36.173520
17,51,199,10,2019-04-25 08:02:21.544105
78,108,143,11,2019-04-25 08:03:12.079137
66,112,135,11,2019-04-25 08:04:06.045395
58,99,167,11,2019-04-25 08:04:55.181737
76,118,151,11,2019-04-25 08:05:49.883760
66,110,167,11,2019-04-25 08:06:40.160395
98,134,167,11,2019-04-25 08:07:37.940844
71,109,191,11,2019-04-25 08:08:29.042417
47,79,199,11,2019-04-25 08:09:20.502509
69,106,167,11,2019-04-25 08:10:10.484101
61,91,191,11,2019-04-25 08:11:03.874720
51,91,191,11,2019-04-25 08:11:54.525451
89,122,175,11,2019-04-25 08:12:50.120083
96,131,167,11,2019-04-25 08:13:33.232523
78,115,167,11,2019-04-25 08:14:32.646568
63,105,183,11,2019-04-25 08:15:27.128700
96,128,199,11,2019-04-25 08:16:20.982307
69,112,143,11,2019-04-25 08:17:10.521861
75,113,151,11,2019-04-25 08:18:05.835504
51,82,151,8,2019-04-25 08:18:54.969645
72,101,159,11,2019-04-25 08:19:53.040551
35,71,199,10,2019-04-25 08:20:35.511172
57,101,159,11,2019-04-25 08:21:24.913922
60,87,151,11,2019-04-25 08:22:17.425773
70,114,167,11,2019-04-25 08:23:14.661659
79,119,119,11,2019-04-25 08:24:00.993785
30,56,151,11,2019-04-25 08:24:54.942947
76,115,143,11,2019-04-25 08:25:40.691815
73,106,191,11,2019-04-25 08:26:42.884201
79,121,191,11,2019-04-25 08:27:35.410406
79,119,183,11,2019-04-25 08:28:29.340388
66,97,175,11,2019-04-25 08:29:21.059519
83,136,175,11,2019-04-25 08:30:13.041834
89,126,191,11,2019-04-25 08:31:05.960373
48,85,167,11,2019-04-25 08:31:58.460517
61,105,143,11,2019-04-25 08:32:59.467431
84,126,175,11,2019-04-25 08:33:58.603894
77,109,167,11,2019-04-25 08:34:45.598745
74,103,159,11,2019-04-25 08:35:35.707367
37,72,199,11,2019-04-25 08:36:26.955926
73,106,191,11,2019-04-25 08:37:16.931306
82,109,175,11,2019-04-25 08:38:06.162249
83,122,143,11,2019-04-25 08:39:06.832487
63,101,159,11,2019-04-25 08:40:00.798014
79,117,151,11,2019-04-25 08:40:48.565140
83,127,191,11,2019-04-25 08:41:39.317652
80,110,135,11,2019-04-25 08:42:30.615218
52,79,79,11,2019-04-25 08:43:24.190674
55,105,191,11,2019-04-25 08:44:19.875909
74,119,151,11,2019-04-25 08:45:11.940640
81,117,159,11,2019-04-25 08:46:11.572425
67,106,199,11,2019-04-25 08:47:05.994824
81,124,175,11,2019-04-25 08:48:06.448937
71,108,143,11,2019-04-25 08:48:54.619055
104,134,183,11,2019-04-25 08:49:47.288312
74,115,167,11,2019-04-25 08:50:43.426120
66,110,135,11,2019-04-25 08:51:30.412138
77,104,199,11,2019-04-25 08:52:19.638774
87,122,199,11,2019-04-25 08:53:10.079772
82,117,167,11,2019-04-25 08:54:07.134399
93,124,175,11,2019-04-25 08:55:02.665301
68,106,199,11,2019-04-25 08:55:50.341971
62,95,159,11,2019-04-25 08:56:43.734709
80,126,199,11,2019-04-25 08:57:41.678280
72,113,167,11,2019-04-25 08:58:33.219972
87,129,159,11,2019-04-25 08:59:23.906608
90,121,199,11,2019-04-25 09:00:16.788505
61,105,191,11,2019-04-25 09:01:12.226971
64,109,159,11,2019-04-25 09:02:03.150102
64,97,191,11,2019-04-25 09:02:48.354645
82,120,167,11,2019-04-25 09:03:47.183112
89,120,175,11,2019-04-25 09:04:41.805790
92,131,183,11,2019-04-25 09:05:34.510364
29,62,191,8,2019-04-25 09:06:18.316013
83,127,191,11,2019-04-25 09:07:13.727987
69,111,151,10,2019-04-25 09:07:59.826284
69,110,151,11,2019-04-25 09:08:52.899418
70,104,135,11,2019-04-25 09:09:35.956774
53,88,199,11,2019-04-25 09:10:25.669948
91,125,151,11,2019-04-25 09:11:19.447606
43,71,95,11,2019-04-25 09:12:14.704988
63,106,183,11,2019-04-25 09:13:02.131398
20,47,191,11,2019-04-25 09:13:50.907244
62,100,167,9,2019-04-25 09:14:44.275901
69,108,199,11,2019-04-25 09:15:44.519294
82,127,183,11,2019-04-25 09:16:40.763901
71,108,111,11,2019-04-25 09:17:38.735432
61,90,191,11,2019-04-25 09:18:29.312931
75,121,199,11,2019-04-25 09:19:25.227067
59,104,143,11,2019-04-25 09:20:16.374249
76,114,191,11,2019-04-25 09:21:09.292921
69,107,191,11,2019-04-25 09:22:07.018624
102,134,183,11,2019-04-25 09:23:07.585501
65,96,143,11,2019-04-25 09:23:51.550076
77,106,151,11,2019-04-25 09:24:35.798054
92,122,183,11,2019-04-25 09:25:34.489727
57,94,159,11,2019-04-25 09:26:32.166672
96,135,175,11,2019-04-25 09:27:19.612292
86,119,167,11,2019-04-25 09:28:12.928342
64,116,159,11,2019-04-25 09:29:07.101525
78,103,151,11,2019-04-25 09:30:02.860876
66,122,183,11,2019-04-25 09:30:58.714404
85,110,143,11,2019-04-25 09:31:53.166267
71,108,127,11,2019-04-25 09:32:48.326061
19,45,183,10,2019-04-25 09:33:38.018819
67,110,151,11,2019-04-25 09:34:31.455756
82,127,191,11,2019-04-25 09:35:23.938444
65,100,183,11,2019-04-25 09:36:21.371081
79,117,175,11,2019-04-25 09:37:19.706442
78,103,103,11,2019-04-25 09:38:07.030762
86,123,159,11,2019-04-25 09:39:02.495935
68,114,191,11,2019-04-25 09:39:55.983798
68,111,183,11,2019-04-25 09:40:57.187937
61,89,151,11,2019-04-25 09:41:49.506185
66,106,191,11,2019-04-25 09:42:45.672525
98,130,175,11,2019-04-25 09:43:44.912738
70,108,167,11,2019-04-25 09:44:39.536707
88,129,191,11,2019-04-25 09:45:29.240949
69,110,151,11,2019-04-25 09:46:26.931035
75,128,135,11,2019-04-25 09:47:27.020875
87,132,183,11,2019-04-25 09:48:20.195530
75,117,167,11,2019-04-25 09:49:09.887873
85,119,127,11,2019-04-25 09:50:06.686313
69,106,135,11,2019-04-25 09:50:59.960103
83,119,175,11,2019-04-25 09:51:57.037350
81,112,167,11,2019-04-25 09:52:40.698523
66,99,191,8,2019-04-25 09:53:36.594568
61,101,159,11,2019-04-25 09:54:28.349231
72,111,191,11,2019-04-25 09:55:18.994250
96,132,167,11,2019-04-25 09:56:12.482502
59,95,199,11,2019-04-25 09:57:02.642675
93,124,167,11,2019-04-25 09:57:55.735585
84,126,191,11,2019-04-25 09:58:47.688525
80,112,191,11,2019-04-25 09:59:35.114000
82,125,167,11,2019-04-25 10:00:29.976988
60,109,191,10,2019-04-25 10:01:25.579326
71,110,183,11,2019-04-25 10:02:22.417904
91,119,135,11,2019-04-25 10:03:16.790446
68,96,159,11,2019-04-25 10:04:13.874874
70,108,167,11,2019-04-25 10:05:10.723844
64,106,191,11,2019-04-25 10:06:09.061331
101,130,167,11,2019-04-25 10:06:54.452530
86,124,167,11,2019-04-25 10:07:47.381271
86,113,167,11,2019-04-25 10:08:44.196596
80,124,175,11,2019-04-25 10:09:45.507482
57,98,175,11,2019-04-25 10:10:30.601807
73,115,199,11,2019-04-25 10:11:25.623233
74,99,183,11,2019-04-25 10:12:17.324719
88,131,199,11,2019-04-25 10:13:13.142868
44,92,191,11,2019-04-25 10:14:00.349401
69,110,151,11,2019-04-25 10:14:53.797620
22,49,199,11,2019-04-25 10:15:42.288811
95,135,191,11,2019-04-25 10:16:42.737567
88,125,167,11,2019-04-25 10:17:33.567644
55,90,191,11,2019-04-25 10:18:27.097122
77,128,183,11,2019-04-25 10:19:27.706018
28,59,199,9,2019-04-25 10:20:21.081671
81,137,199,11,2019-04-25 10:21:13.698749
82,119,183,11,2019-04-25 10:22:11.251417
47,80,95,11,2019-04-25 10:23:01.040207
89,118,151,11,2019-04-25 10:23:53.882635
78,115,143,11,2019-04-25 10:24:47.717866
69,109,159,11,2019-04-25 10:25:46.806079
89,119,199,11,2019-04-25 10:26:38.649589
83,120,167,11,2019-04-25 10:27:32.157197
70,110,159,11,2019-04-25 10:28:26.777767
71,110,151,11,2019-04-25 10:29:19.143027
98,135,175,11,2019-04-25 10:30:15.870724
69,113,167,11,2019-04-25 10:31:10.135484
89,131,175,11,2019-04-25 10:32:00.754575
75,118,151,11,2019-04-25 10:32:55.284187
73,127,191,11,2019-04-25 10:33:52.734049
70,105,143,11,2019-04-25 10:34:47.872073
82,114,151,11,2019-04-25 10:35:33.792472
65,91,167,10,2019-04-25 10:36:24.146501
52,96,199,10,2019-04-25 10:37:18.596278
91,126,159,11,2019-04-25 10:38:21.693000
73,111,111,11,2019-04-25 10:39:09.958055
69,118,127,11,2019-04-25 10:40:04.706796
34,73,175,11,2019-04-25 10:40:57.253342
77,125,183,11,2019-04-25 10:41:49.598666
82,122,183,11,2019-04-25 10:42:46.623297
68,113,159,11,2019-04-25 10:43:41.616986
29,71,143,10,2019-04-25 10:44:38.226026
86,124,175,11,2019-04-25 10:45:31.865765
87,122,183,11,2019-04-25 10:46:27.736155
96,135,191,11,2019-04-25 10:47:26.841662
69,105,159,11,2019-04-25 10:48:16.863090
85,127,167,11,2019-04-25 10:49:16.086215
78,121,191,11,2019-04-25 10:50:11.981376
94,134,199,11,2019-04-25 10:51:12.429960
75,123,167,11,2019-04-25 10:52:09.820982
82,128,167,11,2019-04-25 10:53:10.220745
59,96,183,10,2019-04-25 10:53:55.646692
51,85,183,11,2019-04-25 10:54:41.055796
57,94,191,11,2019-04-25 10:55:34.310189
72,105,199,11,2019-04-25 10:56:26.222588
28,71,183,7,2019-04-25 10:57:15.526225
79,130,159,11,2019-04-25 10:58:21.072830
67,105,191,11,2019-04-25 10:59:12.613150
60,100,151,11,2019-04-25 11:00:02.427801
95,131,175,11,2019-04-25 11:00:53.314313
83,132,175,11,2019-04-25 11:01:44.576154
72,122,191,11,2019-04-25 11:02:43.102714
77,110,175,11,2019-04-25 11:03:32.575436
102,134,175,11,2019-04-25 11:04:24.835386
59,111,175,11,2019-04-25 11:05:18.594830
88,133,199,11,2019-04-25 11:06:18.398293
59,95,183,11,2019-04-25 11:07:05.906514
67,99,159,11,2019-04-25 11:07:57.191922
89,126,159,11,2019-04-25 11:08:54.359313
71,99,199,11,2019-04-25 11:09:38.104462
87,123,159,11,2019-04-25 11:10:38.692277
24,64,199,7,2019-04-25 11:11:24.485235
74,126,167,11,2019-04-25 11:12:20.139747
53,92,199,11,2019-04-25 11:13:12.576967
69,109,175,11,2019-04-25 11:14:02.339544
81,115,191,11,2019-04-25 11:14:51.046813
76,125,175,11,2019-04-25 11:15:49.921316
42,71,199,11,2019-04-25 11:16:38.434180
67,109,183,11,2019-04-25 11:17:34.985110
81,112,167,11,2019-04-25 11:18:21.284981
84,118,183,11,2019-04-25 11:19:10.854752
79,115,167,11,2019-04-25 11:20:06.942494
80,117,143,11,2019-04-25 11:21:02.502775
52,92,199,11,2019-04-25 11:21:51.924263
90,126,199,11,2019-04-25 11:22:47.726271
71,126,151,11,2019-04-25 11:23:45.636051
49,86,199,8,2019-04-25 11:24:37.543960
74,113,191,11,2019-04-25 11:25:24.593313
85,124,175,11,2019-04-25 11:26:22.745805
72,110,191,10,2019-04-25 11:27:20.255100
96,139,159,11,2019-04-25 11:28:14.860973
81,123,151,11,2019-04-25 11:29:08.983824
105,142,159,11,2019-04-25 11:29:56.835706
84,117,151,11,2019-04-25 11:30:49.817593
70,103,143,11,2019-04-25 11:31:40.764334
93,135,135,11,2019-04-25 11:32:37.406847
86,124,151,11,2019-04-25 11:33:37.205922
73,123,151,11,2019-04-25 11:34:35.867048
27,55,199,11,2019-04-25 11:35:19.559767
82,131,159,11,2019-04-25 11:36:08.456025
52,92,199,11,2019-04-25 11:37:04.076545
75,111,167,11,2019-04-25 11:37:58.661218
72,119,119,11,2019-04-25 11:38:52.253325
79,113,143,11,2019-04-25 11:39:40.326318
72,116,183,11,2019-04-25 11:40:27.829928
52,98,159,11,2019-04-25 11:41:18.328648
68,105,199,11,2019-04-25 11:42:15.018967
71,102,159,11,2019-04-25 11:43:02.807973
70,111,175,11,2019-04-25 11:43:58.433305
79,122,151,11,2019-04-25 11:44:50.767592
88,124,151,11,2019-04-25 11:45:42.829230
78,123,167,11,2019-04-25 11:46:29.905603
82,116,167,11,2019-04-25 11:47:22.150272
79,118,191,11,2019-04-25 11:48:17.413690
94,126,199,11,2019-04-25 11:49:10.261335
96,137,175,11,2019-04-25 11:50:08.224518
101,134,175,11,2019-04-25 11:51:01.419413
92,137,175,11,2019-04-25 11:51:55.791438
76,116,183,11,2019-04-25 11:52:43.201900
64,103,103,11,2019-04-25 11:53:36.128109
69,106,199,11,2019-04-25 11:54:30.869058
41,82,119,8,2019-04-25 11:55:19.966612
43,91,167,8,2019-04-25 11:56:11.358686
97,131,191,11,2019-04-25 11:57:05.253543
92,127,127,11,2019-04-25 11:58:02.796772
103,132,143,11,2019-04-25 11:59:01.689775
66,105,175,11,2019-04-25 11:59:58.938987
58,94,191,11,2019-04-25 12:00:45.109078
84,126,167,11,2019-04-25 12:01:41.384447
92,122,167,11,2019-04-25 12:02:37.450471
108,142,143,11,2019-04-25 12:03:30.801749
73,110,191,10,2019-04-25 12:04:27.997708
97,135,175,11,2019-04-25 12:05:29.114252
82,114,151,11,2019-04-25 12:06:25.219843
75,127,175,11,2019-04-25 12:07:14.800426
61,103,103,11,2019-04-25 12:08:03.789852
100,138,183,11,2019-04-25 12:09:03.329762
66,107,143,11,2019-04-25 12:09:54.599702
77,123,151,11,2019-04-25 12:10:46.247845
68,105,143,11,2019-04-25 12:11:31.861381
87,123,191,11,2019-04-25 12:12:25.602584
71,107,183,11,2019-04-25 12:13:17.596285
84,127,127,11,2019-04-25 12:14:13.251396
49,86,127,8,2019-04-25 12:14:57.230346
54,90,191,11,2019-04-25 12:15:43.170610
92,123,167,11,2019-04-25 12:16:39.655529
87,125,151,11,2019-04-25 12:17:41.509516
72,101,143,11,2019-04-25 12:18:26.118870
82,109,127,11,2019-04-25 12:19:24.537975
61,95,175,11,2019-04-25 12:20:18.822632
90,126,191,11,2019-04-25 12:21:18.926228
58,87,167,11,2019-04-25 12:22:04.090579
93,134,167,11,2019-04-25 12:23:03.876991
76,110,127,11,2019-04-25 12:24:03.322455
77,120,127,11,2019-04-25 12:24:58.459739
72,115,167,11,2019-04-25 12:25:51.085479
86,125,167,11,2019-04-25 12:26:47.603863
79,105,143,11,2019-04-25 12:27:46.378257
76,106,199,11,2019-04-25 12:28:42.112178
97,142,183,11,2019-04-25 12:29:32.601949
103,137,175,11,2019-04-25 12:30:24.146568
93,127,127,11,2019-04-25 12:31:22.271570
71,98,159,11,2019-04-25 12:32:11.172270
78,127,183,11,2019-04-25 12:33:08.966916
67,102,183,11,2019-04-25 12:33:59.420133
42,83,167,9,2019-04-25 12:34:49.650703
87,129,175,11,2019-04-25 12:35:43.748637
79,119,151,11,2019-04-25 12:36:35.948199
69,102,183,11,2019-04-25 12:37:29.444336
56,90,183,10,2019-04-25 12:38:11.590231
99,132,183,11,2019-04-25 12:39:14.219226
55,90,183,10,2019-04-25 12:40:00.410427
78,111,111,11,2019-04-25 12:40:55.633875
72,105,199,11,2019-04-25 12:41:56.068281
72,103,103,11,2019-04-25 12:42:44.602284
84,122,135,11,2019-04-25 12:43:42.376137
82,119,143,11,2019-04-25 12:44:30.107900
76,114,151,11,2019-04-25 12:45:29.400725
90,126,167,11,2019-04-25 12:46:28.970346
76,119,119,11,2019-04-25 12:47:14.726137
32,77,175,11,2019-04-25 12:48:06.128032
28,57,151,11,2019-04-25 12:48:53.850345
31,65,175,11,2019-04-25 12:49:47.724020
90,122,127,11,2019-04-25 12:50:32.583199
43,72,167,8,2019-04-25 12:51:19.682482
94,137,151,11,2019-04-25 12:52:11.868345
75,118,127,11,2019-04-25 12:53:08.575019
85,117,175,11,2019-04-25 12:53:59.826661
58,86,175,8,2019-04-25 12:54:51.116837
83,127,127,11,2019-04-25 12:55:49.495743
39,65,143,11,2019-04-25 12:56:39.286382
61,90,199,10,2019-04-25 12:57:26.460829
95,128,183,11,2019-04-25 12:58:26.766505
71,113,167,11,2019-04-25 12:59:20.674286
79,123,167,11,2019-04-25 13:00:18.117623
89,128,175,11,2019-04-25 13:01:07.449106
55,89,167,7,2019-04-25 13:01:55.184730
73,103,103,11,2019-04-25 13:02:47.114809
48,72,191,6,2019-04-25 13:03:37.844066
59,94,191,11,2019-04-25 13:04:25.832993
76,117,183,11,2019-04-25 13:05:13.257086
88,124,159,11,2019-04-25 13:06:08.622122
82,124,143,11,2019-04-25 13:07:10.151340
94,132,151,11,2019-04-25 13:07:57.499856
91,127,167,11,2019-04-25 13:08:55.542704
92,124,183,11,2019-04-25 13:09:55.618385
85,127,143,11,2019-04-25 13:10:47.241090
63,105,159,11,2019-04-25 13:11:40.581701
59,92,199,9,2019-04-25 13:12:33.985757
94,131,159,11,2019-04-25 13:13:29.650532
63,119,151,11,2019-04-25 13:14:24.920045
86,125,151,11,2019-04-25 13:15:16.551692
74,129,175,11,2019-04-25 13:16:17.816466
95,139,183,11,2019-04-25 13:17:17.017551
64,96,175,11,2019-04-25 13:18:10.973814
78,119,135,11,2019-04-25 13:19:03.493088
92,142,191,11,2019-04-25 13:20:00.183758
89,125,175,11,2019-04-25 13:20:55.012762
76,110,111,11,2019-04-25 13:21:47.139411
48,94,199,10,2019-04-25 13:22:32.660997
88,129,175,11,2019-04-25 13:23:24.540798
111,146,175,11,2019-04-25 13:24:23.894663
37,74,159,9,2019-04-25 13:25:12.491238
76,119,167,11,2019-04-25 13:26:01.056891
86,128,175,11,2019-04-25 13:26:59.427977
75,105,183,11,2019-04-25 13:27:57.707399
76,109,199,11,2019-04-25 13:28:53.060068
82,124,175,11,2019-04-25 13:29:49.592783
70,99,183,11,2019-04-25 13:30:41.210588
93,126,183,11,2019-04-25 13:31:36.126973
53,105,175,11,2019-04-25 13:32:25.846829
56,89,167,11,2019-04-25 13:33:08.686478
72,113,167,11,2019-04-25 13:33:59.312420
83,125,167,11,2019-04-25 13:34:57.629587
75,117,159,11,2019-04-25 13:35:50.571728
76,106,191,11,2019-04-25 13:36:44.697810
93,138,175,11,2019-04-25 13:37:39.722451
99,139,167,11,2019-04-25 13:38:36.924904
89,116,127,11,2019-04-25 13:39:25.101118
68,94,159,11,2019-04-25 13:40:11.766314
43,73,199,11,2019-04-25 13:41:02.906118
65,92,199,11,2019-04-25 13:41:57.299754
110,139,175,11,2019-04-25 13:42:49.527762
67,106,183,11,2019-04-25 13:43:44.927391
96,130,167,11,2019-04-25 13:44:39.948732
71,99,143,11,2019-04-25 13:45:32.632125
87,129,175,11,2019-04-25 13:46:30.797791
77,127,167,11,2019-04-25 13:47:22.864487
76,104,143,11,2019-04-25 13:48:18.814279
91,124,175,11,2019-04-25 13:49:17.309387
87,118,191,11,2019-04-25 13:50:17.373694
86,123,151,11,2019-04-25 13:51:02.348366
55,88,167,11,2019-04-25 13:51:56.229817
82,117,159,11,2019-04-25 13:52:56.796820
64,87,151,11,2019-04-25 13:53:46.273218
55,87,87,11,2019-04-25 13:54:34.903620
58,93,183,11,2019-04-25 13:55:28.249204
64,99,135,11,2019-04-25 13:56:23.263779
65,113,191,11,2019-04-25 13:57:20.936306
68,102,191,11,2019-04-25 13:58:13.952640
46,82,167,7,2019-04-25 13:59:07.625737
84,119,159,11,2019-04-25 13:59:57.544231
61,105,159,11,2019-04-25 14:00:53.489357
86,126,199,11,2019-04-25 14:01:45.427679
47,92,199,10,2019-04-25 14:02:41.136676
79,115,167,11,2019-04-25 14:03:35.173128
95,129,175,11,2019-04-25 14:04:32.724163
20,52,167,9,2019-04-25 14:05:13.501851
75,113,191,10,2019-04-25 14:06:01.778548
65,107,167,10,2019-04-25 14:06:54.678545
11,46,199,10,2019-04-25 14:07:43.821473
75,113,159,11,2019-04-25 14:08:32.669993
74,111,111,11,2019-04-25 14:09:29.466074
76,124,175,11,2019-04-25 14:10:24.176893
81,117,135,11,2019-04-25 14:11:10.557990
91,124,151,11,2019-04-25 14:11:55.584316
77,116,191,11,2019-04-25 14:12:50.467544
97,133,175,11,2019-04-25 14:13:45.697831
88,126,191,11,2019-04-25 14:14:42.870903
97,129,151,11,2019-04-25 14:15:26.897111
58,109,199,11,2019-04-25 14:16:20.484373
89,134,183,11,2019-04-25 14:17:19.749304
66,94,151,8,2019-04-25 14:18:08.802519
88,122,135,11,2019-04-25 14:18:58.718844
86,124,175,11,2019-04-25 14:19:56.967647
78,115,167,11,2019-04-25 14:20:51.131746
70,106,183,10,2019-04-25 14:21:38.794167
61,99,135,10,2019-04-25 14:22:21.665108
74,107,191,11,2019-04-25 14:23:15.409396
84,121,175,11,2019-04-25 14:24:11.491805
75,111,151,11,2019-04-25 14:25:02.133326
80,124,167,11,2019-04-25 14:25:43.074699
96,131,159,11,2019-04-25 14:26:26.677651
78,116,191,11,2019-04-25 14:27:11.707608
70,124,183,11,2019-04-25 14:28:13.207314
67,112,167,11,2019-04-25 14:29:00.254809
64,96,159,11,2019-04-25 14:29:59.498169
71,108,159,11,2019-04-25 14:30:55.139098
75,121,199,11,2019-04-25 14:31:42.519350
84,127,199,11,2019-04-25 14:32:37.953440
82,124,167,11,2019-04-25 14:33:31.820789
70,110,183,11,2019-04-25 14:34:27.529803
79,116,183,11,2019-04-25 14:35:23.896381
73,108,175,11,2019-04-25 14:36:12.460534
69,121,167,11,2019-04-25 14:37:10.587440
84,124,183,11,2019-04-25 14:38:06.629199
88,139,167,11,2019-04-25 14:39:07.694505
88,121,159,11,2019-04-25 14:40:00.511686
82,115,167,11,2019-04-25 14:40:57.074740
63,91,175,9,2019-04-25 14:41:49.563391
88,125,151,11,2019-04-25 14:42:39.996130
56,94,151,11,2019-04-25 14:43:22.200397
79,113,183,11,2019-04-25 14:44:15.389316
47,76,175,8,2019-04-25 14:45:03.769640
76,113,167,11,2019-04-25 14:46:02.438690
80,134,183,11,2019-04-25 14:46:54.887895
24,60,135,6,2019-04-25 14:47:44.623064
103,151,159,11,2019-04-25 14:48:44.006608
43,91,199,11,2019-04-25 14:49:31.167505
57,106,159,10,2019-04-25 14:50:16.896785
91,129,167,11,2019-04-25 14:51:15.311544
83,119,151,11,2019-04-25 14:52:08.535103
80,112,175,11,2019-04-25 14:53:02.675685
69,93,143,11,2019-04-25 14:53:45.271410
