,,,,,
,,,,,
28,54,1,1,167,00:53.9
,,,,,
33,47,1,1,151,01:51.5
,,,,,
53,59,1,1,151,02:51.9
,,,,,
28,42,1,1,111,03:44.2
,,,,,
24,42,1,1,135,04:38.7
,,,,,
25,39,1,1,135,05:35.2
,,,,,
47,37,1,1,119,06:31.4
,,,,,
41,29,1,1,95,07:21.7
,,,,,
18,45,1,1,119,08:13.7
,,,,,
27,44,1,1,175,09:08.8
,,,,,
25,27,1,1,79,09:56.3
,,,,,
27,23,1,1,63,10:43.3
,,,,,
33,48,1,1,119,11:36.0
,,,,,
24,39,1,1,95,12:24.9
,,,,,
34,24,1,1,79,13:12.2
,,,,,
23,29,1,1,127,14:01.5
,,,,,
22,39,1,1,119,14:54.7
,,,,,
31,41,1,1,103,15:44.8
,,,,,
23,58,1,1,175,16:39.3
,,,,,
34,37,1,1,87,17:29.3
,,,,,
10,29,1,1,159,18:20.0
,,,,,
16,53,1,1,191,19:13.8
,,,,,
23,26,1,1,103,20:01.9
,,,,,
24,50,1,1,143,20:53.4
,,,,,
32,55,1,1,127,21:47.5
,,,,,
18,32,1,1,103,22:39.6
,,,,,
5,31,1,1,103,23:30.3
,,,,,
21,18,1,1,39,24:19.4
,,,,,
17,19,1,1,71,25:03.8
,,,,,
23,19,1,1,63,25:49.1
,,,,,
30,51,1,1,103,26:41.6
,,,,,
25,26,1,1,111,27:26.8
,,,,,
11,27,1,1,119,28:13.0
,,,,,
12,46,1,1,103,29:03.3
,,,,,
13,42,1,1,95,29:51.8
,,,,,
17,23,1,1,47,30:40.0
,,,,,
25,36,1,1,87,31:37.1
,,,,,
34,46,1,1,111,32:31.6
,,,,,
10,37,1,1,47,33:18.1
,,,,,
41,21,1,1,103,34:03.2
,,,,,
31,19,1,1,71,34:54.7
,,,,,
12,23,1,1,47,35:36.0
,,,,,
10,37,1,1,47,36:22.5
,,,,,
20,19,1,1,103,37:09.0
,,,,,
8,23,1,1,31,37:53.9
,,,,,
0,26,1,1,111,38:47.8
,,,,,
12,29,1,1,103,39:35.2
,,,,,
9,23,1,1,87,40:20.7
,,,,,
34,23,1,1,87,41:09.1
,,,,,
25,21,1,1,47,41:53.8
,,,,,
16,21,1,1,55,42:41.3
,,,,,
24,53,1,1,111,43:30.3
,,,,,
24,22,1,1,71,44:16.1
,,,,,
11,25,1,1,87,45:04.5
,,,,,
8,28,1,1,103,45:50.9
,,,,,
22,28,1,1,55,46:36.4
,,,,,
33,23,1,1,63,47:20.7
,,,,,
22,22,1,1,111,48:05.2
,,,,,
25,36,1,1,103,48:54.3
,,,,,
11,24,1,1,103,49:39.6
,,,,,
21,19,1,1,47,50:23.7
,,,,,
4,22,1,1,63,51:06.9
,,,,,
15,28,1,1,119,51:55.5
,,,,,
14,19,1,1,47,52:35.7
,,,,,
5,26,1,1,31,53:21.2
,,,,,
14,25,1,1,63,54:06.9
,,,,,
20,18,1,1,71,54:51.4
,,,,,
24,23,1,1,95,55:36.2
,,,,,
29,15,1,1,63,56:18.7
,,,,,
20,19,1,1,39,57:01.3
,,,,,
3,19,1,1,47,57:46.3
,,,,,
7,23,1,1,103,58:30.4
,,,,,
35,20,1,1,71,59:15.0
,,,,,
27,22,1,1,103,00:00.5
,,,,,
24,18,1,1,55,00:46.3
,,,,,
25,27,1,1,95,01:31.5
,,,,,
18,23,1,1,63,02:15.2
,,,,,
22,25,1,1,87,03:00.8
,,,,,
22,23,1,1,87,03:45.6
,,,,,
20,21,1,1,79,04:28.2
,,,,,
22,28,1,1,103,05:14.7
,,,,,
22,27,1,1,79,06:00.4
,,,,,
22,18,1,1,47,06:41.2
,,,,,
24,18,1,1,47,07:24.5
,,,,,
9,30,1,1,39,08:09.3
,,,,,
27,28,1,1,55,08:54.2
,,,,,
10,17,1,1,47,09:40.4
,,,,,
16,25,1,1,95,10:27.0
,,,,,
23,15,1,1,71,11:09.8
,,,,,
24,25,1,1,55,11:53.6
,,,,,
11,25,1,1,55,12:35.4
,,,,,
15,32,1,1,87,13:20.4
,,,,,
19,29,1,1,63,14:08.0
,,,,,
17,26,1,1,47,14:51.7
,,,,,
19,20,1,1,39,15:34.0
,,,,,
23,16,1,1,39,16:15.5
,,,,,
6,19,1,1,55,16:59.2
,,,,,
14,25,1,1,39,17:39.9
,,,,,
14,22,1,1,111,18:22.3
,,,,,
17,20,1,1,111,19:11.2
,,,,,
18,21,1,1,71,19:56.6
,,,,,
25,14,1,1,39,20:38.1
,,,,,
29,18,1,1,47,21:20.4
,,,,,
7,13,1,1,79,22:00.1
,,,,,
15,22,1,1,87,22:43.8
,,,,,
11,26,1,1,111,23:29.1
,,,,,
28,21,1,1,87,24:10.4
,,,,,
30,14,1,1,63,24:51.6
,,,,,
23,30,1,1,111,25:37.3
,,,,,
34,21,1,1,95,26:22.6
,,,,,
18,26,1,1,71,27:06.8
,,,,,
36,18,1,1,127,27:53.1
,,,,,
5,30,1,1,87,28:40.0
,,,,,
16,39,1,1,175,29:30.0
,,,,,
9,17,1,1,87,30:13.3
,,,,,
9,27,1,1,63,30:57.8
,,,,,
3,15,1,1,63,31:46.0
,,,,,
25,18,1,1,63,32:31.0
,,,,,
12,28,1,1,79,33:18.7
,,,,,
27,19,1,1,47,34:01.8
,,,,,
27,23,1,1,55,34:44.4
,,,,,
6,20,1,1,39,35:28.3
,,,,,
38,21,1,1,71,36:16.8
,,,,,
15,19,1,1,63,37:03.7
,,,,,
5,34,1,1,47,37:46.6
,,,,,
12,20,1,1,55,38:33.2
,,,,,
12,25,1,1,87,39:19.7
,,,,,
14,17,1,1,39,39:59.6
,,,,,
5,33,1,1,47,40:42.9
,,,,,
28,18,1,1,55,41:26.2
,,,,,
12,21,1,1,71,42:09.6
,,,,,
29,16,1,1,79,42:52.1
,,,,,
21,25,1,1,55,43:37.0
,,,,,
24,17,1,1,71,44:20.7
,,,,,
0,33,1,1,119,45:07.8
,,,,,
5,18,1,1,55,45:54.6
,,,,,
19,36,1,1,103,46:40.3
,,,,,
20,18,1,1,47,47:22.8
,,,,,
33,35,1,1,175,48:13.0
,,,,,
10,20,1,1,47,48:56.7
,,,,,
27,19,1,1,55,49:45.7
,,,,,
14,24,1,1,87,50:29.3
,,,,,
17,24,1,1,79,51:14.5
,,,,,
23,29,1,1,71,52:00.2
,,,,,
17,34,1,1,71,52:48.1
,,,,,
36,22,1,1,79,53:34.8
,,,,,
30,23,1,1,55,54:19.7
,,,,,
14,18,1,1,39,55:02.2
,,,,,
19,26,1,1,55,55:47.2
,,,,,
19,26,1,1,127,56:33.4
,,,,,
23,26,1,1,111,57:18.9
,,,,,
15,21,1,1,79,58:01.6
,,,,,
27,19,1,1,143,58:48.5
,,,,,
7,21,1,1,63,59:35.1
,,,,,
22,23,1,1,55,00:17.3
,,,,,
9,14,1,1,95,01:02.4
,,,,,
27,24,1,1,79,01:47.5
,,,,,
30,23,1,1,151,02:33.4
,,,,,
20,20,1,1,79,03:17.5
,,,,,
17,19,1,1,47,04:02.4
,,,,,
5,21,1,1,119,04:48.4
,,,,,
14,28,1,1,55,05:32.3
,,,,,
21,19,1,1,135,06:17.5
,,,,,
13,18,1,1,55,06:58.9
,,,,,
12,30,1,1,63,07:42.6
,,,,,
20,23,1,1,95,08:26.8
,,,,,
29,22,1,1,79,09:12.2
,,,,,
9,19,1,1,63,09:56.7
,,,,,
14,34,1,1,63,10:41.4
,,,,,
23,18,1,1,55,11:22.7
,,,,,
8,15,1,1,71,12:05.9
,,,,,
24,25,1,1,71,12:49.3
,,,,,
10,17,1,1,31,13:32.9
,,,,,
16,20,1,1,79,14:17.3
,,,,,
13,34,1,1,55,15:00.4
,,,,,
20,28,1,1,55,15:43.0
,,,,,
28,12,1,1,79,16:22.5
,,,,,
31,17,1,1,87,17:06.9
,,,,,
21,27,1,1,87,17:50.8
,,,,,
21,18,1,1,111,18:35.7
,,,,,
21,26,1,1,47,19:20.2
,,,,,
16,25,1,1,79,20:08.2
,,,,,
24,15,1,1,55,20:51.3
,,,,,
21,18,1,1,39,21:32.9
,,,,,
5,13,1,1,63,22:14.4
,,,,,
18,20,1,1,103,22:59.1
,,,,,
16,20,1,1,55,23:41.7
,,,,,
24,25,1,1,79,24:27.5
,,,,,
10,19,1,1,79,25:15.8
,,,,,
30,33,1,1,63,26:02.3
,,,,,
15,27,1,1,79,26:46.6
,,,,,
25,25,1,1,71,27:31.6
,,,,,
20,19,1,1,71,28:15.8
,,,,,
24,24,1,1,87,29:06.3
,,,,,
20,18,1,1,39,29:46.9
,,,,,
20,19,1,1,39,30:28.3
,,,,,
34,21,1,1,87,31:13.3
,,,,,
10,30,1,1,103,31:57.3
,,,,,
11,23,1,1,55,32:39.2
,,,,,
15,21,1,1,71,33:23.8
,,,,,
11,18,1,1,103,34:07.9
,,,,,
10,35,1,1,71,34:53.5
,,,,,
30,19,1,1,95,35:39.2
,,,,,
28,18,1,1,71,36:21.9
,,,,,
16,15,1,1,31,37:04.4
,,,,,
16,25,1,1,47,37:49.1
,,,,,
28,20,1,1,95,38:36.6
,,,,,
28,20,1,1,119,39:23.9
,,,,,
16,29,1,1,111,40:11.4
,,,,,
22,15,1,1,119,40:57.4
,,,,,
30,28,1,1,63,41:42.6
,,,,,
8,24,1,1,79,42:26.1
,,,,,
12,31,1,1,63,43:10.6
,,,,,
30,18,1,1,71,43:54.9
,,,,,
24,26,1,1,63,44:40.4
,,,,,
10,36,1,1,79,45:24.9
,,,,,
25,22,1,1,47,46:10.3
,,,,,
1,22,1,1,63,46:51.5
,,,,,
32,21,1,1,87,47:36.3
,,,,,
11,23,1,1,87,48:18.8
,,,,,
21,18,1,1,39,49:00.6
,,,,,
20,19,1,1,39,49:42.5
,,,,,
14,19,1,1,111,50:28.0
,,,,,
11,20,1,1,151,51:14.6
,,,,,
20,25,1,1,71,51:57.9
,,,,,
16,23,1,1,79,52:40.5
,,,,,
17,23,1,1,95,53:25.7
,,,,,
17,18,1,1,119,54:13.0
,,,,,
28,18,1,1,47,54:54.9
,,,,,
7,23,1,1,79,55:39.8
,,,,,
28,24,1,1,63,56:24.5
,,,,,
25,22,1,1,47,57:07.5
,,,,,
35,13,1,1,55,57:49.2
,,,,,
11,31,1,1,47,58:33.9
,,,,,
29,14,1,1,79,59:17.5
,,,,,
26,16,1,1,79,00:01.5
,,,,,
17,23,1,1,47,00:43.9
,,,,,
28,20,1,1,87,01:28.6
,,,,,
27,12,1,1,39,02:09.2
,,,,,
14,25,1,1,79,02:52.7
,,,,,
24,19,1,1,47,03:34.6
,,,,,
17,24,1,1,47,04:16.7
,,,,,
25,26,1,1,167,05:03.7
,,,,,
26,15,1,1,71,05:46.7
,,,,,
23,18,1,1,55,06:29.9
,,,,,
22,27,1,1,55,07:12.5
,,,,,
25,18,1,1,71,07:54.2
,,,,,
31,15,1,1,55,08:38.1
,,,,,
6,25,1,1,103,09:27.9
,,,,,
9,35,1,1,47,10:16.4
,,,,,
15,19,1,1,111,10:59.9
,,,,,
22,36,1,1,63,11:47.5
,,,,,
27,29,1,1,95,12:31.9
,,,,,
6,26,1,1,87,13:26.0
,,,,,
10,25,1,1,47,14:12.2
,,,,,
16,16,1,1,71,14:54.3
,,,,,
8,21,1,1,79,15:41.7
,,,,,
18,17,1,1,63,16:25.0
,,,,,
11,22,1,1,55,17:08.9
,,,,,
21,16,1,1,87,17:49.7
,,,,,
5,27,1,1,95,18:33.3
,,,,,
15,26,1,1,63,19:16.2
,,,,,
26,21,1,1,95,19:59.9
,,,,,
13,16,1,1,79,20:41.1
,,,,,
24,13,1,1,55,21:22.3
,,,,,
19,21,1,1,47,22:05.6
,,,,,
25,28,1,1,103,22:56.3
,,,,,
23,24,1,1,71,23:41.5
,,,,,
23,29,1,1,55,24:26.9
,,,,,
16,29,1,1,47,25:11.7
,,,,,
20,25,1,1,79,26:03.0
,,,,,
19,32,1,1,63,26:48.6
,,,,,
22,25,1,1,95,27:36.9
,,,,,
11,36,1,1,95,28:23.0
,,,,,
17,28,1,1,103,29:10.5
,,,,,
22,19,1,1,79,29:56.0
,,,,,
14,17,1,1,87,30:44.2
,,,,,
5,20,1,1,79,31:30.7
,,,,,
20,16,1,1,95,32:13.9
,,,,,
32,15,1,1,55,32:56.4
,,,,,
17,33,1,1,119,33:44.7
,,,,,
26,24,1,1,71,34:27.1
,,,,,
18,25,1,1,55,35:09.6
,,,,,
19,19,1,1,111,35:58.7
,,,,,
18,13,1,1,39,36:41.5
,,,,,
11,28,1,1,39,37:24.5
,,,,,
4,22,1,1,71,38:06.7
,,,,,
12,27,1,1,87,38:50.0
,,,,,
13,20,1,1,63,39:33.7
,,,,,
22,19,1,1,79,40:19.7
,,,,,
41,13,1,1,71,41:01.0
,,,,,
13,25,1,1,103,41:46.3
,,,,,
25,26,1,1,63,42:29.0
,,,,,
30,22,1,1,55,43:16.6
,,,,,
9,26,1,1,55,44:00.4
,,,,,
11,31,1,1,87,44:47.7
,,,,,
18,16,1,1,71,45:30.7
,,,,,
15,29,1,1,111,46:16.0
,,,,,
32,12,1,1,55,46:56.7
,,,,,
18,15,1,1,39,47:38.0
,,,,,
16,18,1,1,55,48:21.9
,,,,,
17,27,1,1,47,49:05.1
,,,,,
30,20,1,1,63,49:47.1
,,,,,
27,16,1,1,79,50:29.0
,,,,,
7,21,1,1,95,51:11.5
,,,,,
31,16,1,1,95,51:53.6
,,,,,
35,27,1,1,87,52:39.4
,,,,,
20,16,1,1,39,53:24.7
,,,,,
20,29,1,1,63,54:10.3
,,,,,
18,13,1,1,31,54:50.8
,,,,,
20,14,1,1,63,55:36.4
,,,,,
19,19,1,1,79,56:20.5
,,,,,
19,25,1,1,87,57:05.0
,,,,,
26,25,1,1,79,57:49.6
,,,,,
28,30,1,1,159,58:38.4
,,,,,
41,14,1,1,55,59:20.2
,,,,,
26,15,1,1,63,00:03.1
,,,,,
15,20,1,1,71,00:48.0
,,,,,
6,19,1,1,63,01:40.1
,,,,,
23,14,1,1,95,02:25.1
,,,,,
20,21,1,1,63,03:18.2
,,,,,
16,33,1,1,55,04:05.4
,,,,,
32,13,1,1,47,04:46.7
,,,,,
11,17,1,1,55,05:31.2
,,,,,
24,19,1,1,103,06:15.9
,,,,,
7,30,1,1,87,07:02.3
,,,,,
17,20,1,1,79,07:45.3
,,,,,
20,27,1,1,63,08:28.5
,,,,,
5,24,1,1,71,09:18.7
,,,,,
8,21,1,1,79,09:59.3
,,,,,
31,19,1,1,79,10:44.0
,,,,,
10,24,1,1,55,11:28.5
,,,,,
24,21,1,1,79,12:13.5
,,,,,
28,19,1,1,47,12:57.8
,,,,,
28,22,1,1,71,13:40.3
,,,,,
33,16,1,1,87,14:23.9
,,,,,
10,19,1,1,103,15:08.0
,,,,,
23,27,1,1,87,15:51.7
,,,,,
24,15,1,1,63,16:31.4
,,,,,
16,19,1,1,55,17:13.2
,,,,,
4,31,1,1,47,18:00.8
,,,,,
18,25,1,1,55,18:44.7
,,,,,
15,25,1,1,63,19:29.1
,,,,,
25,22,1,1,47,20:12.3
,,,,,
22,25,1,1,47,20:55.1
,,,,,
29,18,1,1,47,21:36.3
,,,,,
14,18,1,1,39,22:18.2
,,,,,
28,23,1,1,103,23:04.2
,,,,,
21,14,1,1,71,23:45.7
,,,,,
25,18,1,1,71,24:27.1
,,,,,
19,22,1,1,47,25:11.4
,,,,,
32,23,1,1,55,25:54.3
,,,,,
29,17,1,1,63,26:36.9
,,,,,
29,14,1,1,87,27:18.6
,,,,,
26,22,1,1,55,28:01.1
,,,,,
24,26,1,1,55,28:45.5
,,,,,
22,17,1,1,39,29:26.5
,,,,,
22,19,1,1,71,30:09.9
,,,,,
14,33,1,1,47,30:55.7
,,,,,
9,34,1,1,47,31:37.3
,,,,,
10,19,1,1,151,32:23.2
,,,,,
37,29,1,1,71,33:09.3
,,,,,
24,23,1,1,95,33:52.6
,,,,,
20,31,1,1,127,34:43.2
,,,,,
27,24,1,1,79,35:29.2
,,,,,
7,23,1,1,95,36:10.9
,,,,,
49,15,1,1,79,36:54.0
,,,,,
21,14,1,1,87,37:37.1
,,,,,
25,19,1,1,47,38:19.6
,,,,,
19,29,1,1,87,39:05.0
,,,,,
27,24,1,1,55,39:47.7
,,,,,
22,27,1,1,87,40:34.5
,,,,,
20,15,1,1,111,41:21.1
,,,,,
4,27,1,1,111,42:06.7
,,,,,
5,25,1,1,111,42:56.4
,,,,,
32,24,1,1,103,43:40.8
,,,,,
14,27,1,1,87,44:24.4
,,,,,
25,29,1,1,103,45:09.5
,,,,,
5,25,1,1,55,45:53.6
,,,,,
9,14,1,1,23,46:34.8
,,,,,
38,26,1,1,87,47:21.9
,,,,,
0,19,1,1,63,48:03.8
,,,,,
23,27,1,1,63,48:48.4
,,,,,
21,15,1,1,55,49:32.5
,,,,,
14,23,1,1,55,50:16.2
,,,,,
14,26,1,1,55,50:58.8
,,,,,
33,17,1,1,79,51:43.6
,,,,,
22,28,1,1,55,52:30.6
,,,,,
23,19,1,1,71,53:14.2
,,,,,
28,25,1,1,103,53:58.5
,,,,,
21,23,1,1,87,54:43.7
,,,,,
28,32,1,1,63,55:31.1
,,,,,
10,21,1,1,31,56:13.0
,,,,,
24,25,1,1,71,56:58.0
,,,,,
21,32,1,1,71,57:44.4
,,,,,
6,31,1,1,103,58:30.8
,,,,,
26,14,1,1,87,59:11.4
,,,,,
30,19,1,1,71,59:54.3
,,,,,
35,27,1,1,87,00:39.9
,,,,,
11,26,1,1,135,01:26.9
,,,,,
20,20,1,1,71,02:10.5
,,,,,
16,25,1,1,87,02:55.6
,,,,,
16,33,1,1,63,03:42.2
,,,,,
15,16,1,1,55,04:23.3
,,,,,
33,22,1,1,55,05:08.8
,,,,,
18,28,1,1,87,05:51.4
,,,,,
32,23,1,1,55,06:36.9
,,,,,
20,30,1,1,135,07:26.6
,,,,,
8,23,1,1,95,08:09.6
,,,,,
23,20,1,1,79,08:52.2
,,,,,
31,24,1,1,55,09:35.4
,,,,,
20,25,1,1,71,10:20.2
,,,,,
30,24,1,1,55,11:06.1
,,,,,
26,20,1,1,87,11:52.4
,,,,,
9,32,1,1,63,12:37.4
,,,,,
17,28,1,1,55,13:20.4
,,,,,
35,27,1,1,95,14:07.3
,,,,,
19,20,1,1,71,14:50.4
,,,,,
16,32,1,1,87,15:36.3
,,,,,
15,18,1,1,55,16:22.4
,,,,,
27,18,1,1,79,17:05.9
,,,,,
20,27,1,1,47,17:51.3
,,,,,
34,27,1,1,103,18:38.2
,,,,,
18,29,1,1,47,19:24.3
,,,,,
18,27,1,1,71,20:07.5
,,,,,
21,26,1,1,47,20:51.6
,,,,,
20,27,1,1,47,21:35.6
,,,,,
14,28,1,1,95,22:20.9
,,,,,
19,30,1,1,63,23:06.0
,,,,,
26,27,1,1,63,23:52.8
,,,,,
16,24,1,1,103,24:39.2
,,,,,
33,17,1,1,79,25:21.9
,,,,,
28,22,1,1,79,26:05.0
,,,,,
26,23,1,1,55,26:48.1
,,,,,
28,20,1,1,103,27:33.9
,,,,,
11,17,1,1,87,28:18.9
,,,,,
5,20,1,1,47,29:00.9
,,,,,
23,27,1,1,63,29:46.9
,,,,,
17,20,1,1,79,30:30.7
,,,,,
19,25,1,1,63,31:15.1
,,,,,
23,21,1,1,71,32:01.6
,,,,,
14,25,1,1,55,32:46.0
,,,,,
16,39,1,1,200,33:38.0
,,,,,
15,17,1,1,127,34:25.2
,,,,,
19,21,1,1,127,35:10.4
,,,,,
15,28,1,1,47,35:55.0
,,,,,
29,19,1,1,103,36:42.9
,,,,,
8,19,1,1,135,37:30.1
,,,,,
14,16,1,1,87,38:13.7
,,,,,
21,15,1,1,55,39:01.0
,,,,,
21,26,1,1,63,39:44.8
,,,,,
25,24,1,1,63,40:30.7
,,,,,
30,23,1,1,103,41:18.3
,,,,,
25,22,1,1,47,42:01.8
,,,,,
17,16,1,1,63,42:44.0
,,,,,
9,28,1,1,87,43:30.9
,,,,,
20,33,1,1,103,44:16.0
,,,,,
24,23,1,1,47,45:05.4
,,,,,
43,19,1,1,63,45:47.8
,,,,,
17,22,1,1,95,46:33.4
,,,,,
32,18,1,1,103,47:17.8
,,,,,
16,15,1,1,31,48:01.0
,,,,,
37,17,1,1,71,48:44.4
,,,,,
16,23,1,1,39,49:25.2
,,,,,
26,24,1,1,55,50:11.8
,,,,,
22,16,1,1,111,50:54.1
,,,,,
28,19,1,1,47,51:35.5
,,,,,
16,20,1,1,111,52:21.9
,,,,,
28,19,1,1,71,53:06.1
,,,,,
26,17,1,1,103,53:48.9
,,,,,
30,21,1,1,71,54:35.8
,,,,,
24,16,1,1,63,55:17.2
,,,,,
17,27,1,1,111,56:03.7
,,,,,
18,25,1,1,87,56:52.6
,,,,,
12,32,1,1,103,57:37.5
,,,,,
0,36,1,1,79,58:24.3
,,,,,
17,24,1,1,111,59:09.8
,,,,,
21,20,1,1,47,59:52.1
,,,,,
27,27,1,1,103,00:36.8
,,,,,
35,28,1,1,63,01:23.4
,,,,,
19,35,1,1,111,02:11.9
,,,,,
19,23,1,1,47,02:54.1
,,,,,
17,24,1,1,79,03:40.0
,,,,,
23,26,1,1,55,04:23.1
,,,,,
10,30,1,1,95,05:07.4
,,,,,
20,29,1,1,103,05:56.1
,,,,,
23,22,1,1,127,06:40.3
,,,,,
8,25,1,1,79,07:25.2
,,,,,
33,24,1,1,71,08:07.9
,,,,,
24,16,1,1,79,08:51.7
,,,,,
37,16,1,1,79,09:34.8
,,,,,
19,17,1,1,87,10:17.1
,,,,,
10,35,1,1,95,11:02.9
,,,,,
22,28,1,1,111,11:52.2
,,,,,
35,19,1,1,63,12:37.6
,,,,,
15,34,1,1,111,13:23.7
,,,,,
23,22,1,1,87,14:06.9
,,,,,
26,14,1,1,127,14:54.0
,,,,,
18,19,1,1,63,15:35.7
,,,,,
33,23,1,1,87,16:23.7
,,,,,
20,14,1,1,63,17:07.2
,,,,,
27,15,1,1,87,17:50.2
,,,,,
26,19,1,1,127,18:36.1
,,,,,
14,17,1,1,119,19:19.9
,,,,,
17,27,1,1,55,20:02.2
,,,,,
14,25,1,1,111,20:47.3
,,,,,
14,27,1,1,47,21:28.9
,,,,,
15,24,1,1,47,22:11.2
,,,,,
26,14,1,1,63,22:53.1
,,,,,
15,22,1,1,135,23:40.6
,,,,,
26,23,1,1,87,24:23.3
,,,,,
24,17,1,1,79,25:06.5
,,,,,
15,23,1,1,47,25:48.7
,,,,,
15,28,1,1,143,26:37.8
,,,,,
41,24,1,1,71,27:26.9
,,,,,
18,25,1,1,71,28:09.7
,,,,,
28,24,1,1,63,28:56.3
,,,,,
18,18,1,1,111,29:40.9
,,,,,
19,31,1,1,55,30:28.0
,,,,,
19,21,1,1,63,31:12.5
,,,,,
21,25,1,1,79,31:57.5
,,,,,
18,22,1,1,127,32:48.0
,,,,,
15,24,1,1,39,33:32.5
,,,,,
17,34,1,1,87,34:16.2
,,,,,
29,20,1,1,71,34:58.3
,,,,,
24,19,1,1,71,35:42.4
,,,,,
14,24,1,1,47,36:26.2
,,,,,
20,32,1,1,55,37:10.0
,,,,,
18,29,1,1,47,37:54.6
,,,,,
12,28,1,1,95,38:44.3
,,,,,
24,16,1,1,71,39:27.2
,,,,,
13,39,1,1,103,40:15.6
,,,,,
32,25,1,1,63,41:01.1
,,,,,
6,25,1,1,79,41:47.9
,,,,,
15,24,1,1,71,42:36.2
,,,,,
23,24,1,1,71,43:21.6
,,,,,
15,23,1,1,79,44:03.3
,,,,,
16,20,1,1,71,44:44.7
,,,,,
22,26,1,1,135,45:35.1
,,,,,
26,20,1,1,79,46:17.6
,,,,,
24,20,1,1,71,46:58.1
,,,,,
19,20,1,1,39,47:45.6
,,,,,
27,23,1,1,79,48:30.9
,,,,,
6,25,1,1,39,49:13.7
,,,,,
11,19,1,1,103,49:58.5
,,,,,
20,28,1,1,159,50:45.7
,,,,,
33,29,1,1,71,51:31.7
,,,,,
18,24,1,1,111,52:16.5
,,,,,
12,23,1,1,87,53:01.1
,,,,,
23,19,1,1,63,53:43.5
,,,,,
11,28,1,1,39,54:27.3
,,,,,
27,27,1,1,63,55:10.8
,,,,,
3,26,1,1,79,55:55.3
,,,,,
25,19,1,1,79,56:38.1
,,,,,
17,26,1,1,63,57:20.1
,,,,,
33,22,1,1,175,58:06.4
,,,,,
13,24,1,1,63,58:52.1
,,,,,
21,28,1,1,111,59:36.0
,,,,,
17,17,1,1,87,00:19.0
,,,,,
15,19,1,1,87,01:01.5
,,,,,
31,24,1,1,71,01:47.1
,,,,,
28,19,1,1,47,02:30.5
,,,,,
9,28,1,1,95,03:16.4
,,,,,
24,26,1,1,95,04:03.2
,,,,,
35,24,1,1,63,04:48.5
,,,,,
20,21,1,1,71,05:32.7
,,,,,
37,21,1,1,79,06:16.4
,,,,,
22,21,1,1,103,07:01.9
,,,,,
18,29,1,1,63,07:46.9
,,,,,
14,27,1,1,175,08:34.1
,,,,,
31,29,1,1,63,09:20.9
,,,,,
6,35,1,1,95,10:06.8
,,,,,
6,28,1,1,95,10:51.4
,,,,,
13,25,1,1,71,11:36.0
,,,,,
12,27,1,1,47,12:19.4
,,,,,
17,18,1,1,55,13:01.8
,,,,,
22,28,1,1,95,13:47.3
,,,,,
12,35,1,1,47,14:32.2
,,,,,
21,20,1,1,87,15:15.5
,,,,,
10,25,1,1,87,16:05.5
,,,,,
14,32,1,1,79,16:50.8
,,,,,
8,24,1,1,55,17:34.4
,,,,,
12,32,1,1,47,18:18.5
,,,,,
23,19,1,1,63,19:00.6
,,,,,
30,23,1,1,87,19:46.2
,,,,,
21,23,1,1,119,20:33.1
,,,,,
1,34,1,1,95,21:18.8
,,,,,
41,22,1,1,79,22:05.1
,,,,,
19,31,1,1,87,22:50.4
,,,,,
21,19,1,1,47,23:33.9
,,,,,
13,35,1,1,95,24:21.5
,,,,,
13,21,1,1,71,25:06.2
,,,,,
31,28,1,1,119,25:53.9
,,,,,
25,27,1,1,95,26:42.8
,,,,,
29,27,1,1,103,27:30.6
,,,,,
15,23,1,1,47,28:13.8
,,,,,
29,26,1,1,63,28:59.4
,,,,,
36,17,1,1,95,29:44.4
,,,,,
33,27,1,1,87,30:34.6
,,,,,
28,19,1,1,47,31:20.6
,,,,,
9,24,1,1,87,32:02.5
,,,,,
22,20,1,1,47,32:47.4
,,,,,
11,31,1,1,71,33:35.0
,,,,,
29,19,1,1,103,34:20.7
,,,,,
23,16,1,1,39,35:02.8
,,,,,
11,21,1,1,47,35:44.5
,,,,,
34,15,1,1,55,36:27.9
,,,,,
28,29,1,1,95,37:13.4
,,,,,
7,24,1,1,31,37:56.3
,,,,,
20,23,1,1,63,38:39.0
,,,,,
21,25,1,1,87,39:29.5
,,,,,
25,25,1,1,87,40:14.2
,,,,,
34,27,1,1,87,40:59.3
,,,,,
20,19,1,1,103,41:48.7
,,,,,
12,28,1,1,95,42:33.4
,,,,,
11,24,1,1,79,43:22.3
,,,,,
21,26,1,1,47,44:08.8
,,,,,
6,24,1,1,111,44:52.2
,,,,,
3,25,1,1,103,45:40.7
,,,,,
12,22,1,1,127,46:33.2
,,,,,
18,22,1,1,47,47:17.8
,,,,,
15,24,1,1,71,48:06.4
,,,,,
16,23,1,1,63,48:49.4
,,,,,
26,23,1,1,87,49:34.3
,,,,,
22,30,1,1,119,50:19.6
,,,,,
38,19,1,1,111,51:04.4
,,,,,
23,22,1,1,71,51:47.1
,,,,,
18,32,1,1,119,52:37.2
,,,,,
31,29,1,1,71,53:24.1
,,,,,
27,29,1,1,71,54:09.8
,,,,,
5,27,1,1,143,54:56.3
,,,,,
27,29,1,1,63,55:41.6
,,,,,
19,20,1,1,63,56:27.7
,,,,,
15,30,1,1,71,57:14.0
,,,,,
21,19,1,1,71,57:57.6
,,,,,
9,26,1,1,87,58:50.6
,,,,,
18,25,1,1,87,59:36.3
,,,,,
10,32,1,1,71,00:21.1
,,,,,
12,25,1,1,95,01:10.0
,,,,,
22,25,1,1,79,01:57.6
,,,,,
13,35,1,1,71,02:45.2
,,,,,
30,18,1,1,95,03:28.8
,,,,,
18,21,1,1,39,04:11.4
,,,,,
6,24,1,1,103,04:55.8
,,,,,
21,25,1,1,79,05:39.8
,,,,,
19,32,1,1,103,06:25.5
,,,,,
33,17,1,1,95,07:10.5
,,,,,
20,19,1,1,79,07:52.7
,,,,,
7,24,1,1,95,08:42.2
,,,,,
11,26,1,1,47,09:26.9
,,,,,
8,26,1,1,87,10:13.2
,,,,,
22,32,1,1,63,10:58.1
,,,,,
35,22,1,1,79,11:43.7
,,,,,
30,21,1,1,71,12:28.8
,,,,,
16,21,1,1,79,13:13.2
,,,,,
23,26,1,1,87,13:57.5
,,,,,
41,16,1,1,79,14:40.1
,,,,,
30,31,1,1,87,15:24.6
,,,,,
13,35,1,1,103,16:13.8
,,,,,
22,24,1,1,79,16:59.1
,,,,,
23,22,1,1,87,17:42.4
,,,,,
11,21,1,1,79,18:25.5
,,,,,
29,21,1,1,79,19:12.1
,,,,,
37,25,1,1,71,19:55.8
,,,,,
5,34,1,1,119,20:44.2
,,,,,
12,29,1,1,95,21:28.2
,,,,,
24,23,1,1,47,22:15.1
,,,,,
23,24,1,1,47,22:59.2
,,,,,
40,18,1,1,63,23:43.8
,,,,,
20,26,1,1,87,24:28.9
,,,,,
20,17,1,1,87,25:10.6
,,,,,
25,29,1,1,71,25:55.6
,,,,,
21,20,1,1,79,26:37.5
,,,,,
23,18,1,1,47,27:23.0
,,,,,
18,17,1,1,87,28:05.0
,,,,,
26,35,1,1,87,28:53.5
,,,,,
17,23,1,1,95,29:39.2
,,,,,
21,27,1,1,95,30:24.5
,,,,,
16,28,1,1,127,31:11.5
,,,,,
12,19,1,1,47,32:00.3
,,,,,
10,24,1,1,71,32:51.6
,,,,,
6,27,1,1,79,33:37.1
,,,,,
26,22,1,1,87,34:22.4
,,,,,
26,23,1,1,95,35:07.8
,,,,,
14,31,1,1,79,35:53.9
,,,,,
21,13,1,1,103,36:41.9
,,,,,
16,17,1,1,119,37:25.0
,,,,,
18,17,1,1,63,38:07.3
,,,,,
16,31,1,1,47,38:53.3
,,,,,
35,23,1,1,79,39:38.3
,,,,,
5,21,1,1,31,40:18.5
,,,,,
21,25,1,1,103,41:04.3
,,,,,
41,21,1,1,71,41:48.3
,,,,,
9,19,1,1,31,42:29.1
,,,,,
24,24,1,1,63,43:16.6
,,,,,
19,18,1,1,55,43:58.4
,,,,,
29,19,1,1,79,44:42.7
,,,,,
16,32,1,1,63,45:28.1
,,,,,
28,22,1,1,55,46:13.7
,,,,,
21,22,1,1,55,46:57.7
,,,,,
28,15,1,1,87,47:40.0
,,,,,
20,23,1,1,87,48:25.0
,,,,,
26,34,1,1,63,49:10.3
,,,,,
18,19,1,1,55,49:50.5
,,,,,
32,18,1,1,119,50:35.5
,,,,,
25,21,1,1,79,51:19.9
,,,,,
16,27,1,1,95,52:07.4
,,,,,
26,22,1,1,87,52:50.8
,,,,,
24,32,1,1,79,53:37.8
,,,,,
13,17,1,1,79,54:20.7
,,,,,
31,22,1,1,79,55:06.6
,,,,,
28,19,1,1,103,55:51.6
,,,,,
6,25,1,1,87,56:39.4
,,,,,
29,18,1,1,47,57:23.6
,,,,,
14,28,1,1,47,58:07.0
,,,,,
13,18,1,1,71,58:49.1
,,,,,
22,26,1,1,55,59:32.9
,,,,,
26,15,1,1,71,00:14.9
,,,,,
22,27,1,1,79,01:00.7
,,,,,
18,16,1,1,63,01:44.1
,,,,,
15,31,1,1,87,02:28.9
,,,,,
22,22,1,1,47,03:13.1
,,,,,
14,29,1,1,63,03:58.3
,,,,,
22,24,1,1,47,04:42.0
,,,,,
31,19,1,1,79,05:24.4
,,,,,
14,23,1,1,71,06:09.2
,,,,,
23,27,1,1,55,06:54.3
,,,,,
25,21,1,1,71,07:40.3
,,,,,
23,16,1,1,63,08:24.7
,,,,,
21,31,1,1,95,09:12.8
,,,,,
31,19,1,1,87,09:58.2
,,,,,
29,18,1,1,95,10:42.8
,,,,,
9,29,1,1,71,11:31.0
,,,,,
34,25,1,1,71,12:17.3
,,,,,
20,20,1,1,47,13:00.6
,,,,,
17,17,1,1,87,13:47.0
,,,,,
19,26,1,1,111,14:33.9
,,,,,
23,33,1,1,79,15:20.6
,,,,,
34,15,1,1,111,16:06.7
,,,,,
48,23,1,1,71,16:54.6
,,,,,
18,15,1,1,111,17:40.2
,,,,,
15,16,1,1,79,18:24.7
,,,,,
22,14,1,1,39,19:05.6
,,,,,
28,27,1,1,111,19:51.8
,,,,,
22,22,1,1,87,20:38.0
,,,,,
12,24,1,1,135,21:23.1
,,,,,
18,15,1,1,79,22:06.7
,,,,,
25,22,1,1,47,22:51.8
,,,,,
12,35,1,1,87,23:42.1
,,,,,
18,29,1,1,47,24:30.5
,,,,,
20,21,1,1,47,25:17.5
,,,,,
23,21,1,1,111,26:02.2
,,,,,
24,21,1,1,71,26:45.8
,,,,,
22,16,1,1,87,27:30.0
,,,,,
15,20,1,1,79,28:17.0
,,,,,
21,22,1,1,79,29:03.1
,,,,,
30,18,1,1,79,29:48.9
,,,,,
18,23,1,1,103,30:35.0
,,,,,
14,26,1,1,95,31:20.6
,,,,,
19,30,1,1,87,32:09.5
,,,,,
23,21,1,1,127,32:57.9
,,,,,
11,22,1,1,79,33:41.5
,,,,,
6,25,1,1,103,34:24.3
,,,,,
34,25,1,1,63,35:08.2
,,,,,
6,17,1,1,23,35:48.6
,,,,,
31,16,1,1,47,36:31.8
,,,,,
10,22,1,1,63,37:16.6
,,,,,
2,26,1,1,63,37:59.8
,,,,,
28,18,1,1,71,38:44.3
,,,,,
35,12,1,1,47,39:28.3
,,,,,
22,14,1,1,47,40:11.5
,,,,,
28,16,1,1,71,40:54.4
,,,,,
20,22,1,1,79,41:41.2
,,,,,
16,28,1,1,47,42:27.7
,,,,,
24,20,1,1,111,43:14.4
,,,,,
31,18,1,1,79,43:58.7
,,,,,
23,22,1,1,63,44:40.7
,,,,,
10,23,1,1,55,45:22.8
,,,,,
35,19,1,1,63,46:06.5
,,,,,
31,18,1,1,55,46:51.0
,,,,,
24,23,1,1,79,47:36.3
,,,,,
29,22,1,1,55,48:22.8
,,,,,
26,21,1,1,47,49:08.0
,,,,,
31,19,1,1,55,49:51.5
,,,,,
17,19,1,1,111,50:38.1
,,,,,
32,17,1,1,79,51:21.2
,,,,,
18,16,1,1,79,52:01.7
,,,,,
23,24,1,1,47,52:46.5
,,,,,
30,23,1,1,63,53:32.9
,,,,,
22,17,1,1,39,54:15.1
,,,,,
12,16,1,1,47,54:57.9
,,,,,
38,17,1,1,79,55:40.8
,,,,,
6,22,1,1,63,56:23.7
,,,,,
35,28,1,1,63,57:09.3
,,,,,
35,18,1,1,87,57:53.4
,,,,,
29,18,1,1,47,58:36.0
,,,,,
13,25,1,1,63,59:18.1
,,,,,
25,17,1,1,95,00:02.8
,,,,,
16,18,1,1,103,00:45.3
,,,,,
19,13,1,1,39,01:30.3
,,,,,
20,19,1,1,39,02:12.3
,,,,,
36,17,1,1,63,02:55.4
,,,,,
41,13,1,1,63,03:37.3
,,,,,
28,18,1,1,47,04:20.3
,,,,,
29,24,1,1,55,05:04.7
,,,,,
22,26,1,1,55,05:49.7
,,,,,
16,15,1,1,63,06:31.9
,,,,,
24,26,1,1,71,07:16.8
,,,,,
18,23,1,1,87,07:59.8
,,,,,
18,16,1,1,79,08:41.9
,,,,,
20,14,1,1,55,09:22.2
,,,,,
31,21,1,1,63,10:06.2
,,,,,
6,17,1,1,87,10:49.2
,,,,,
19,19,1,1,63,11:35.0
,,,,,
39,18,1,1,63,12:20.4
,,,,,
31,15,1,1,55,13:01.9
,,,,,
26,19,1,1,47,13:46.6
,,,,,
35,15,1,1,55,14:27.9
,,,,,
29,14,1,1,87,15:10.3
,,,,,
32,16,1,1,63,15:54.0
,,,,,
31,15,1,1,47,16:36.1
,,,,,
17,18,1,1,71,17:18.3
,,,,,
18,13,1,1,31,18:04.7
,,,,,
21,18,1,1,39,18:46.1
,,,,,
22,17,1,1,79,19:29.0
,,,,,
25,14,1,1,39,20:10.6
,,,,,
31,14,1,1,63,20:53.9
,,,,,
31,14,1,1,63,21:37.5
,,,,,
20,19,1,1,71,22:22.9
,,,,,
21,12,1,1,39,23:04.5
,,,,,
29,17,1,1,79,23:50.9
,,,,,
33,16,1,1,79,24:39.4
,,,,,
28,19,1,1,47,25:25.7
,,,,,
2,21,1,1,23,26:09.1
,,,,,
36,19,1,1,79,26:54.5
,,,,,
28,23,1,1,55,27:39.4
,,,,,
27,20,1,1,47,28:23.6
,,,,,
16,22,1,1,71,29:09.3
,,,,,
12,25,1,1,111,29:53.7
,,,,,
23,17,1,1,135,30:42.8
,,,,,
22,18,1,1,55,31:26.6
,,,,,
18,15,1,1,103,32:10.8
,,,,,
34,19,1,1,71,32:55.0
,,,,,
17,16,1,1,71,33:36.5
,,,,,
15,18,1,1,39,34:16.5
,,,,,
16,27,1,1,87,35:00.0
,,,,,
24,21,1,1,87,35:43.8
,,,,,
20,19,1,1,39,36:24.9
,,,,,
6,17,1,1,23,37:05.7
,,,,,
27,19,1,1,71,37:49.3
,,,,,
28,19,1,1,47,38:34.0
,,,,,
19,30,1,1,95,39:18.7
,,,,,
25,16,1,1,47,39:59.6
,,,,,
25,17,1,1,87,40:42.2
,,,,,
24,18,1,1,71,41:25.3
,,,,,
15,16,1,1,79,42:05.8
,,,,,
13,16,1,1,135,42:49.7
,,,,,
22,27,1,1,55,43:32.4
,,,,,
9,14,1,1,23,44:11.2
,,,,,
33,29,1,1,103,45:01.0
,,,,,
8,23,1,1,79,45:43.8
,,,,,
27,20,1,1,47,46:25.4
,,,,,
28,27,1,1,55,47:11.6
,,,,,
22,25,1,1,47,47:59.9
,,,,,
16,25,1,1,79,48:45.4
,,,,,
22,17,1,1,39,49:27.5
,,,,,
12,18,1,1,31,50:08.4
,,,,,
10,27,1,1,71,50:52.7
,,,,,
21,24,1,1,87,51:37.5
,,,,,
26,25,1,1,95,52:21.7
,,,,,
28,27,1,1,71,53:07.7
,,,,,
30,18,1,1,55,53:52.0
,,,,,
19,26,1,1,47,54:37.1
,,,,,
19,28,1,1,47,55:26.4
,,,,,
24,20,1,1,47,56:11.1
,,,,,
35,20,1,1,79,56:57.4
,,,,,
17,25,1,1,79,57:43.3
,,,,,
8,20,1,1,31,58:35.1
,,,,,
21,27,1,1,63,59:21.9
,,,,,
12,27,1,1,39,00:04.5
,,,,,
19,36,1,1,87,00:51.0
,,,,,
33,19,1,1,63,01:34.8
,,,,,
11,31,1,1,47,02:18.6
,,,,,
24,20,1,1,87,03:02.8
,,,,,
16,12,1,1,71,03:45.3
,,,,,
38,15,1,1,79,04:30.3
,,,,,
35,12,1,1,47,05:13.9
,,,,,
11,24,1,1,63,05:58.6
,,,,,
11,27,1,1,111,06:43.1
,,,,,
6,19,1,1,111,07:28.2
,,,,,
22,17,1,1,87,08:14.0
,,,,,
29,16,1,1,71,08:58.3
,,,,,
29,25,1,1,95,09:43.6
,,,,,
29,18,1,1,79,10:28.2
,,,,,
24,21,1,1,87,11:12.8
,,,,,
41,13,1,1,79,11:56.4
,,,,,
47,19,1,1,103,12:43.3
,,,,,
29,18,1,1,47,13:28.7
,,,,,
41,14,1,1,55,14:13.3
,,,,,
23,23,1,1,63,15:00.7
,,,,,
14,29,1,1,103,15:47.3
,,,,,
24,20,1,1,87,16:33.7
,,,,,
41,19,1,1,79,17:20.3
,,,,,
22,21,1,1,151,18:07.9
,,,,,
16,22,1,1,183,18:51.5
,,,,,
19,20,1,1,79,19:37.6
,,,,,
27,22,1,1,87,20:21.9
,,,,,
49,17,1,1,71,21:06.9
,,,,,
18,29,1,1,63,21:53.5
,,,,,
23,24,1,1,47,22:40.3
,,,,,
2,15,1,1,111,23:26.5
,,,,,
30,26,1,1,71,24:14.6
,,,,,
29,17,1,1,95,24:58.5
,,,,,
30,15,1,1,55,25:42.1
,,,,,
20,21,1,1,47,26:26.0
